filename,successful_fits,I0_count,I0_mean,I0_std,I0_min,I0_25%,I0_50%,I0_75%,I0_max,Tau_count,Tau_mean,Tau_std,Tau_min,Tau_25%,Tau_50%,Tau_75%,Tau_max,B_count,B_mean,B_std,B_min,B_25%,B_50%,B_75%,B_max,Residuals_std_count,Residuals_std_mean,Residuals_std_std,Residuals_std_min,Residuals_std_25%,Residuals_std_50%,Residuals_std_75%,Residuals_std_max
processed_data_batch_1.npz,150,150,0.34083552545445456,0.01717077264960977,0.23837492240098712,0.3392248712650945,0.34553076394650983,0.34884704899532515,0.3715061617665565,150,139.2355916808346,2.99124456755712,123.00359992934446,139.19202741136655,139.52252319080003,139.75049330068714,154.02309824637993,150,0.020726671219881768,0.00036105610553570323,0.019444473601357204,0.02052269538156864,0.020706728006521034,0.020901282327853057,0.02235442390509868,150,0.00310800820137146,0.0003098668466205692,0.002908092931083145,0.002977517977086713,0.003023449221341356,0.0030867676733209734,0.00504164788685563
processed_data_batch_2.npz,150,150,0.34549062661927726,0.009193322432799312,0.30461964443776235,0.3425953839416115,0.3483855260167087,0.3518249326814291,0.35625986792670256,150,139.79384844011287,0.28075661280896025,139.00206313401705,139.60862687310828,139.80066986408724,139.9888559939277,140.45356913521417,150,0.01960184830648079,0.0005058725040579939,0.018715062324953853,0.019249936431593548,0.01954615463501246,0.020075545595380988,0.02037730899008915,150,0.0030174628551942963,6.03675188009462e-05,0.002857189377887707,0.00296924515718412,0.0030086005433892326,0.003069095168109618,0.0031408960341651076
processed_data_batch_3.npz,150,150,0.3469205336355349,0.006695565753699599,0.3191504702301422,0.3438748321748749,0.3483005951754641,0.3515880415226931,0.3603491685620721,150,139.47646091192576,0.27380594428596483,138.93580719490964,139.28489197123662,139.45650172772696,139.67527430810645,140.11856025754673,150,0.01872948330253284,0.00010164838794372009,0.018471107567711087,0.018649859847377936,0.01873729151733027,0.01881212270400245,0.018991839911314087,150,0.0030108497736146757,5.8478034121117496e-05,0.0029178994071621437,0.002964426098687409,0.003001849951249338,0.003055191844557333,0.003129183682546353
processed_data_batch_4.npz,150,150,0.3450726250265759,0.008147850545956535,0.3049612044280871,0.3440473157155999,0.3474617168466688,0.3491293137558181,0.3577960874145005,150,139.58366036232192,0.3440796235624812,138.77348260545722,139.33782892495702,139.5666646913831,139.8132831192363,140.45341328293605,150,0.01859061359138905,8.632179826424419e-05,0.018376489326687895,0.018535587431127327,0.018585716808857476,0.018649970468693947,0.018792182968145447,150,0.003009835784176646,5.722890911611197e-05,0.0028835502943869644,0.0029622996134395243,0.003007324133961288,0.003056136663310627,0.0031165317542771525
processed_data_batch_5.npz,150,150,0.339975563840769,0.016095005006665393,0.27072325777333245,0.33467710315744836,0.3454779126760359,0.3512248809351879,0.35736600267633617,150,139.83645903526784,0.2918589728070591,139.14473403952192,139.64482864077854,139.84341380993706,140.03860067616063,140.61414139853716,150,0.01864346973840754,0.0001001516846421371,0.01832839597778215,0.018592004809540708,0.018637222547684355,0.01870277895457609,0.018886334352308076,150,0.003006354006783898,5.988442323161839e-05,0.002901438012621255,0.0029589870745062924,0.00300488468706669,0.0030544154983345386,0.003173071323514746
processed_data_batch_6.npz,150,150,0.34437698350045376,0.009349914485006784,0.29542152176866937,0.3420416365740111,0.346431992475139,0.3506188516745815,0.35701125839161446,150,139.6716057812539,0.3335980507856463,138.98680084917595,139.4426695582419,139.6369103790836,139.90981639087713,140.58657357065542,150,0.01878032468609745,9.033759314070315e-05,0.018567599702357378,0.018713864240389302,0.018770210742881446,0.01883938912042534,0.019000993812383755,150,0.0030178119929402908,5.658519475876622e-05,0.002892833292107987,0.002971347073626644,0.003011486550591685,0.003064288486853137,0.0031700109542794814
processed_data_batch_7.npz,150,150,0.34487502276883847,0.008368713778635184,0.3138008220212475,0.342559769634754,0.3467869739047529,0.35059156548895676,0.357264481078963,150,139.68178539736527,0.32676473930229727,138.83752418041084,139.4661816686214,139.7133012576239,139.87168464575302,140.36349686360543,150,0.018802438176005194,8.555085392162054e-05,0.018561235774166678,0.01874478188534035,0.01880122479345587,0.018866798678172654,0.019053065054776563,150,0.003016310475523439,5.9240592771034686e-05,0.0028920419503828875,0.0029647217952886436,0.0030042709404631057,0.0030686331452744486,0.003159311973649513
processed_data_batch_8.npz,150,150,0.3468008426199646,0.006675542799319793,0.3226795328134283,0.3449905590410913,0.34826934486637584,0.3507880843036027,0.35717602425496486,150,139.54896770305695,0.35245934019151726,138.694134098834,139.33519428325542,139.57058231350226,139.77358444565522,140.4951864911805,150,0.018831699262264127,9.317997880338242e-05,0.018566900370288724,0.01876442918862522,0.018836411259485042,0.01890872242107515,0.019025259066958525,150,0.00301329761365202,5.8337125509839684e-05,0.0029042716280273904,0.002961864380659091,0.003005986389450329,0.0030557965105320506,0.0031514781770297508
processed_data_batch_9.npz,150,150,0.3450495793198554,0.00956542932418764,0.29776694382729146,0.34080782599736,0.34748187237142236,0.35094862375127245,0.3578470060300584,150,139.78948643359303,0.27034115129783,139.03291835595175,139.6292621212604,139.7940497849159,139.96273940773227,140.51443622819832,150,0.01879081809860996,9.546473290061306e-05,0.018557501650417155,0.018727710754521645,0.018786570318473653,0.018854862758724878,0.019073255467315826,150,0.003020876302399123,6.240551535901743e-05,0.002894543507819574,0.0029718931216057886,0.003012458381885577,0.0030742191833956277,0.0031579814807124163
processed_data_batch_10.npz,150,150,0.34310095409687213,0.010073598287427953,0.30111380055723663,0.33946278348764225,0.3466702987022614,0.3497306178797548,0.355359711977538,150,139.6109449632164,0.2942364204241056,138.94575385239986,139.39438538698556,139.61078832788596,139.8191685777826,140.33214260977368,150,0.01885592387792729,9.326957743275498e-05,0.018609264437798246,0.018798573753819117,0.018854088877864737,0.018915794148621042,0.019050015663550735,150,0.0030076583353694547,5.55455118389418e-05,0.0028911670352736642,0.0029627467458262793,0.003006415591906355,0.0030485426298194136,0.0031340911074868756
processed_data_batch_11.npz,150,150,0.3434424993272348,0.013323111720682807,0.25529662744118425,0.3428825518120835,0.34673680289546543,0.34951780993824144,0.3591426419689361,150,139.67052044805465,0.6875602447947544,137.825373213525,139.41677098394837,139.64267634310835,139.8364877906421,146.9877773549012,150,0.01884524720708256,0.00011047790628096944,0.018238942369020347,0.01878730140348309,0.01884652141667576,0.018910624048737286,0.019216458568489473,150,0.003021141318628735,7.861632987901068e-05,0.002898828855049061,0.0029676002581577833,0.0030105647723140277,0.00306746667851982,0.0035790784997881122
processed_data_batch_12.npz,150,150,0.3419028867109628,0.01271747946217211,0.2679407371400635,0.3380485402380121,0.3455933039282504,0.34923449427268394,0.35476596930526033,150,138.93906072503097,3.4477392538200364,114.59990920138905,139.15530416907336,139.4414644918084,139.63611090809943,154.72048454234755,150,0.018855271466365175,0.00032653530623815065,0.016882889028190465,0.018766975243241467,0.018842348644161643,0.018903002290365244,0.020643304770800504,150,0.003100635048983582,0.0004307720525175786,0.002898352441824959,0.002967435055756778,0.0030124490855868886,0.003067465848563293,0.006223057676313996
processed_data_batch_13.npz,150,150,0.3410307282229406,0.012268751705741454,0.2544357222206606,0.33852941375585266,0.34443609196827824,0.34768410222496,0.36946222479630736,150,139.13150225053084,1.785480921513012,123.21256694413991,138.85651958990235,139.15725801970243,139.4546196397361,145.92491069416488,150,0.018750065995340938,0.0002108623794109919,0.017820501114621638,0.018655384809178638,0.01873109273380917,0.018828544403155803,0.020282624703903886,150,0.003049440750411544,0.00022784940465073538,0.0029039440048011372,0.0029580243354595153,0.003006811576664295,0.0030721787844624152,0.004834353022154153
processed_data_batch_14.npz,150,150,0.337846667495333,0.013108874254117739,0.2491450787688581,0.3351186489173107,0.34090551948524694,0.34384760075884746,0.3975177208659533,150,138.18064686489407,1.9424482873534723,124.77460890893911,137.93987612077996,138.13820610045394,138.37501220736613,153.92842771329296,150,0.018710170530830784,0.00025164074911424234,0.017421284627353192,0.0186460802792043,0.01869170218274419,0.018767843986276105,0.020126526438707267,150,0.003043815242521749,0.00015947795313857012,0.00288260227365758,0.0029663236035489876,0.003006597479792589,0.003068909733190433,0.004100114418426298
processed_data_batch_15.npz,150,150,0.30889127509026754,0.009756332497819955,0.2388751163382593,0.3056148195362183,0.3109277191948112,0.31402060605639814,0.32348007289987,150,131.6978987761107,1.3365808623580846,118.60034348123023,131.59635876712173,131.76706909881642,132.026184805299,135.2572136867866,150,0.018948403476839553,0.00019784040269683594,0.01834223542904164,0.01880609276716479,0.018941901506978685,0.019106114989462963,0.01946351528407913,150,0.003021186695450547,0.00014688995782740716,0.0028374335071016206,0.0029528531215606514,0.002989494741298263,0.0030559956644622722,0.004345226837343725
processed_data_batch_16.npz,150,150,0.22475161965219048,0.007782744218628328,0.19841757481330888,0.22175010620374236,0.2248260834309235,0.22875913667068348,0.2801595917335037,150,112.49705587242839,1.343760206525274,102.22863522511581,112.24137173709403,112.70331409563423,112.95172584263437,116.07023757730663,150,0.019317148774870733,0.0002481155052426752,0.018862210039888316,0.01908349293441146,0.01938520243998241,0.019529186770171167,0.020080651309294432,150,0.0029517549754865635,7.785343740771439e-05,0.002826817017035303,0.0028959360246037513,0.00293605868587448,0.0029960532280681566,0.003403583862912944
processed_data_batch_17.npz,150,150,0.11462084356381816,0.005809622384825455,0.0935706154381071,0.11246370870505104,0.11449661480283875,0.11724915611113582,0.15889935538145136,150,86.72065055462649,0.8649578998945316,84.89925243016141,86.11735253511539,86.71751967164933,87.22652399592393,91.79161471994453,150,0.019733943851392384,0.00012725441633785936,0.01942281881018674,0.019649372730192325,0.01973060958138086,0.01981872842830482,0.020142265646360853,150,0.0029077273320964325,6.803642309319821e-05,0.002761187593152044,0.0028517061070323668,0.0029020125917181144,0.0029599144126440163,0.0032247072629272198
processed_data_batch_18.npz,150,150,0.06377081299426428,0.0016767787097187242,0.05555007626584293,0.06305502529417564,0.06396342536615272,0.06492174014843258,0.06767944370626204,150,72.18760329877502,0.6648793399184292,70.31411768251247,71.79120328579329,72.17517281718418,72.65094516624879,73.93864143182199,150,0.02042060669803579,0.0002632565236317611,0.019828172990249943,0.02022899664066754,0.02045001592938485,0.020636578451961745,0.020943730919374792,150,0.002885659167880681,6.230688653612492e-05,0.0027776211864864405,0.0028297956155819066,0.002872973574353452,0.0029471257208244657,0.0030594780629649614
processed_data_batch_19.npz,150,150,0.07519312687386917,0.002937819237553297,0.06511203962459958,0.07364830920674026,0.07568124802074118,0.0773156797738439,0.08119228454304102,150,75.95089479811293,0.6881104082427166,74.31033416987727,75.49235447846101,75.97296788911628,76.45644360571802,77.55034589783034,150,0.021173942590185634,0.00020911825072365093,0.020693717169483896,0.02102816239101639,0.021152924704398557,0.02136676100073848,0.0215925444590757,150,0.0028816631081040375,5.76407224141189e-05,0.0027597771829284863,0.002836874945604306,0.002869062478079814,0.0029334297047024964,0.0029994502064713915
processed_data_batch_20.npz,150,150,0.15488089279256045,0.005453566044899235,0.13733521882359817,0.15120872462457374,0.15483387379200655,0.1592918738225517,0.16626450124944675,150,96.66090383567871,1.1579552983023202,93.84440069788195,95.80813192557618,96.70769728544985,97.64045933723473,98.59233229992051,150,0.02157173713620139,0.00012016833267342814,0.021235230858919697,0.02148811738554427,0.021573679602953352,0.021658118662633355,0.021869941157087142,150,0.002915915928263235,5.999673204379934e-05,0.0027922085409293144,0.002869839567887571,0.0029042354794825242,0.002973554255410359,0.0030288542675096924
processed_data_batch_21.npz,150,150,0.26912795319428,0.00764674943373782,0.23687971928984608,0.2663011424472982,0.27115142241384305,0.27410773206887,0.28081356236445737,150,122.68211333468763,0.9145263573036772,120.4209580780849,121.94389372249329,122.90401738694514,123.42562195551147,124.1404765746941,150,0.02202141481916851,0.00010062972141940711,0.021746213285599846,0.021955736098642743,0.02202520682561869,0.022084032356453467,0.022256896510694294,150,0.0029745742688144666,5.7258004248265754e-05,0.0028681226602937392,0.002922796995575993,0.002964011162352497,0.0030247611919055352,0.0031002932553449328
processed_data_batch_22.npz,150,150,0.32816772540683076,0.01251470856718814,0.2206570453002534,0.32494828156580613,0.3307872656202027,0.33484393025243,0.3416657278826538,150,135.9714386830638,0.4265210921554197,134.75319522138244,135.6847809739665,135.99156682485273,136.23779541049595,137.06666584524817,150,0.022210196174684307,9.690463335453422e-05,0.0219711188416792,0.02213883299416298,0.022208506432720293,0.022274210426799543,0.022440784716768917,150,0.0030116735914728246,5.763110658405838e-05,0.002899176539187894,0.002962750716999402,0.003003786229277575,0.003064968081600806,0.0031513682737108317
processed_data_batch_23.npz,150,150,0.34086773619412725,0.013550308684281762,0.2600672094648572,0.33807419699204744,0.3446135715517016,0.3484903820408407,0.3554712855492025,150,139.0464746825754,0.33724473388445964,138.1085940634759,138.82758162410448,139.04549860161382,139.29457009519692,139.9099678359766,150,0.02237679277860521,8.992118725586237e-05,0.022115514307235223,0.022317363881302912,0.022369110856205653,0.022440013173941422,0.022601601811582897,150,0.0030174552619321813,5.7170976167996916e-05,0.002901832557139572,0.002969803110969379,0.003009124836389221,0.003066983835583041,0.0031465937880110874
processed_data_batch_24.npz,150,150,0.3407809372008235,0.013215620727362539,0.28266614873007856,0.33624968067594385,0.3448596149764899,0.3497421608128944,0.3548961393733288,150,139.347694927078,0.3386120130081407,138.45496378712286,139.12090561050337,139.32548799849027,139.57644763973192,140.2481732900077,150,0.022526323365799517,0.0001023519434193033,0.022266000257326366,0.022455172406866116,0.022519419495714912,0.02259684463101405,0.02279836546323885,150,0.0030175590424847496,5.667861438464144e-05,0.0029111322569526418,0.002978658977331689,0.0030112334111796245,0.003062521711033548,0.0031400766015831755
processed_data_batch_25.npz,150,150,0.3437649621724412,0.013847049454505631,0.24828207713873263,0.34049572034403436,0.3470133160407031,0.3508727325396188,0.39710144623040644,150,139.4216026699687,1.8324446431495296,120.53634809700354,139.16544037067254,139.41811315449883,139.65012582486713,147.90080333499807,150,0.022651058548087157,0.00020485506349812165,0.02170145735433534,0.022568301502539013,0.022645645662884996,0.022692698418790614,0.024425895868644267,150,0.0030356325882262723,0.0001819732694432637,0.002905444522103329,0.0029625687796201138,0.0030032586248388156,0.0030662752513653012,0.004874325212726551
processed_data_batch_26.npz,150,150,0.3458940766379311,0.011432551771525622,0.2531500970338623,0.34456327636357326,0.34837822331213986,0.35168389150430324,0.35896760237667485,150,139.56337853597472,0.4464189823379548,138.51271624244865,139.34188693591398,139.6249400435142,139.78917317764098,142.8798256239617,150,0.022747174589805606,9.978460204843749e-05,0.022418447691255235,0.0226933348824308,0.022741617170075185,0.02280310293021143,0.023115770714784944,150,0.003020725223207824,6.070404583766018e-05,0.002891938355760461,0.0029759895712678365,0.0030032546897632044,0.0030707426145441053,0.003173683156228542
processed_data_batch_27.npz,150,150,0.34578963665078394,0.009445406737142226,0.29978644920028197,0.34354734889399,0.3482815447051197,0.35132179763008736,0.361291016178829,150,139.4630218367411,0.3201092193476266,138.63504331699863,139.2502265491928,139.50284394727922,139.66614213863818,140.1152706032679,150,0.022829600880353754,0.0001036099647819936,0.02256865782046943,0.022759121132551605,0.02282868854722319,0.0228869756280452,0.023091174306975167,150,0.003030152790273708,6.0875920802081924e-05,0.0029074773762384955,0.0029785883864149524,0.003022464834929326,0.0030829743442668785,0.003185043232911987
processed_data_batch_28.npz,150,150,0.34693055022923736,0.006885761680593634,0.3229445870893368,0.34380722036195505,0.34869157075646806,0.35150680222515746,0.3591371306029915,150,139.5951671161511,0.3599392301365552,138.74409314574555,139.3433272317321,139.57352389768454,139.84555540137353,140.73954101976565,150,0.02289759496829646,8.864533810066895e-05,0.022642026252007032,0.022836050025374366,0.022902879584907346,0.022954912972268104,0.023127071584087954,150,0.0030282579005835894,5.608799701622436e-05,0.0029144498819887294,0.0029840068766716086,0.0030188483197224353,0.003078705076581018,0.003149027595760803
processed_data_batch_29.npz,150,150,0.3409941376772396,0.016482147951542157,0.246005935581663,0.33690906331133863,0.3472663223213821,0.35095633290642964,0.35643763691293845,150,139.62403489883079,0.3307842835719,138.85467862851806,139.3980514335504,139.64013558535245,139.86877076896195,140.32873028898476,150,0.022944838826116667,9.586957015806188e-05,0.022672020701064475,0.022878181442798545,0.02294428156457659,0.023006696457323676,0.02319280862077046,150,0.0030256677265045485,6.0630554560102294e-05,0.002911362528293599,0.002973181729420586,0.003014906854124894,0.00308272161108726,0.0031753916184959594
processed_data_batch_30.npz,150,150,0.3446068749406075,0.011370191252330153,0.2729564028327912,0.3414650142287219,0.34812552919389317,0.351053683571224,0.35902188278739466,150,139.7067648216949,1.9793963389353197,136.239020099282,139.195422011524,139.4683756201742,139.8059028784174,158.9205884147817,150,0.0229993953674305,0.0002118810677923572,0.021414460519882165,0.02295058695869721,0.023027934619709617,0.02309365329518575,0.023258866130547343,150,0.0030388409254462363,0.00018869406384814822,0.0028894344655658417,0.0029727416733438708,0.0030040687874455458,0.0030605415524258706,0.0048152938133591665
processed_data_batch_31.npz,150,150,0.3449967456750274,0.00950118491532914,0.29078307648320645,0.34098513728404145,0.34760529638767046,0.35073772733815073,0.3584949489501889,150,139.53642164671916,0.3375724734055736,138.7666109625011,139.3021396361012,139.50243206854645,139.7625139765058,140.71582182226345,150,0.0230308019929842,9.019659917601122e-05,0.02283832600993707,0.022968424261456184,0.02303030495128903,0.023088715067577086,0.023330102561524756,150,0.0030272276916254383,5.749773861563693e-05,0.0029238746826162234,0.002975954101995382,0.0030167748276578566,0.003075497519316033,0.003170018370563308
processed_data_batch_32.npz,150,150,0.34558387545831987,0.009271023929441076,0.3097239759103592,0.34272308386218614,0.3480093558720264,0.3516728473879102,0.3572558486059684,150,139.55083874279424,0.364605021380066,138.6934834216927,139.29229062547762,139.52104064462162,139.7817315413942,140.4331416086533,150,0.023089818231933144,8.734427791925961e-05,0.02286521380136024,0.02302736378733338,0.02309765868148509,0.02315093275759636,0.02333581540723089,150,0.0030275797444919298,5.95089226948181e-05,0.0028907607998648293,0.0029800951054765185,0.0030209317863153324,0.00307475763960794,0.0031722236861842453
processed_data_batch_33.npz,150,150,0.34559723313764,0.011421740393551516,0.28725508429594665,0.34299525689808885,0.3492500267334749,0.35242918060557527,0.3590122333969657,150,139.58319699879382,0.31953377518780063,138.7546327938827,139.36879973672973,139.574717953354,139.82235746238393,140.2733938678538,150,0.023073390571438188,9.635281047889195e-05,0.022818289938170883,0.023006999357533458,0.02308004611664964,0.023131405266157194,0.023365502559397205,150,0.003021848256586177,5.8083603188456485e-05,0.0029124351727241884,0.0029758966258550826,0.0030109013147874707,0.0030698690913672647,0.0032055113471720974
processed_data_batch_34.npz,150,150,0.3458101509491226,0.009691647932962465,0.30759809981557434,0.34279819001285344,0.34878487770523425,0.3518616992168885,0.3587575572230867,150,139.55679663021238,0.8123600403817589,138.7681277304102,139.2559278333527,139.45967074012898,139.7559747341285,148.3820076814317,150,0.023078510434934973,0.00011296476914281298,0.02266983351234021,0.023009418818076208,0.02308391586815929,0.02313897379672008,0.023387797827611134,150,0.0030254200042650905,6.87158835802455e-05,0.002905285823398606,0.002978431413554144,0.00301419628513677,0.003068270209090957,0.003491186937294258
processed_data_batch_35.npz,150,150,0.3439762082244936,0.011177674809907633,0.2957318486810823,0.3421952999397665,0.34752846873533433,0.35106327290588013,0.35763520915970626,150,139.4692426172493,0.37316704369590925,138.5866025670686,139.1869821241184,139.47782836152624,139.74126159427607,140.3647432146441,150,0.023082505096675535,9.240673246755708e-05,0.02285487692584346,0.02302594778207193,0.02308191852156695,0.023139978163522257,0.023353574018709695,150,0.003033107527690853,5.888192206982163e-05,0.0029221389388990305,0.0029851184274290216,0.0030226664153411545,0.003085152384282412,0.0031541094267392503
processed_data_batch_36.npz,150,150,0.3448226474721461,0.011941997895835967,0.26406871821262834,0.34171677424219005,0.34762750147219507,0.3525599092349608,0.3595791002767,150,139.4439372749353,0.2989151809991448,138.81085541862063,139.22244689679636,139.4513159421279,139.65816731429265,140.2539080466935,150,0.023048032089782802,8.328854271301028e-05,0.022843111528324928,0.022994537745890498,0.02304435057156489,0.023104374898491476,0.023261100783990327,150,0.003023244423541618,5.765746447842857e-05,0.002927234657093573,0.002974360636948614,0.0030063444192586584,0.003072576136799043,0.0031259592311117935
processed_data_batch_37.npz,150,150,0.34543499448126763,0.01084143871332572,0.2954391897892132,0.3419117533251671,0.3478037583640272,0.35140216450944983,0.4005655448505291,150,139.4730445701223,1.2388742315051506,131.6464201277393,139.15983406359342,139.44965313993427,139.6679241098824,150.7529059538739,150,0.023067614805428797,0.00012004811725241202,0.02247229225766687,0.023014143054129726,0.023075486917130246,0.023130827529973027,0.023608920477835946,150,0.003054208186968818,0.0001290695335712347,0.002924128903780131,0.0029911951839596243,0.0030367345943157096,0.003086520686023974,0.004196060291651257
processed_data_batch_38.npz,150,150,0.34558025427928574,0.010924280424395097,0.26081125018734846,0.34437502519106844,0.3480789582157331,0.3516436729128201,0.35831392643269816,150,139.32181956138035,0.34203220835058573,138.10172309814496,139.0909802215536,139.29686775496728,139.5691731345985,140.16048068497767,150,0.023058264617806277,0.0001024673910514784,0.022654921180757116,0.022998413243286914,0.023054444275811513,0.02311876160170323,0.023576518371829155,150,0.0030308620125081074,5.4592662615609566e-05,0.0029197792148607867,0.0029883627590018068,0.003021012556152937,0.0030746860881563248,0.0032022769296736883
processed_data_batch_39.npz,150,150,0.3464940367304554,0.008946772868147015,0.3028750042161502,0.3439789242157376,0.34829152482181674,0.35227398520466846,0.35883866153184624,150,139.34769778316112,0.3420869052993583,138.18754773825518,139.09301988921658,139.3620147251545,139.58674439490648,140.18527304269062,150,0.023089888418402586,8.687123766819102e-05,0.022876239542309166,0.023038776920879505,0.0230927573867043,0.023143292551392546,0.023329678900132888,150,0.0030213111695570364,5.797210523671479e-05,0.002895092205472637,0.002982853675121975,0.0030113690913634583,0.003058937436894656,0.0031760520263515958
processed_data_batch_40.npz,150,150,0.3432541674242512,0.0138377252203437,0.2556793047351822,0.3406925983359856,0.3474846734374427,0.35053203142163225,0.35758114303451477,150,139.3689263804816,0.6574791799883264,138.51494022912883,139.0177414008347,139.3015241134495,139.5079455861577,143.62459627706139,150,0.023060607875356683,0.00012185138671633591,0.022429354337403312,0.02300541516870965,0.023061965473478364,0.02313037954839972,0.023445488506651214,150,0.0030361355368227825,8.811283168055496e-05,0.002926462475768685,0.002978513923652929,0.0030206762349389775,0.003082732701181288,0.0037326010310941697
processed_data_batch_41.npz,150,150,0.3448888867391895,0.007944660182222256,0.3089009841556943,0.3411973780861387,0.347043096646273,0.35001668483288745,0.35947533972823154,150,139.3368458831485,1.296140746258413,135.38602257646303,139.01059768116346,139.2650138030461,139.5063086025918,154.03103506375598,150,0.023080017288973787,9.38529646249102e-05,0.022835348624269298,0.02301512571786836,0.02307640462385291,0.023145727717020077,0.023336425435166216,150,0.003051227616045675,0.00018160840369943208,0.00291456131362883,0.002988503960249386,0.0030229195641839094,0.0030946056455200283,0.005126694858392744
processed_data_batch_42.npz,150,150,0.3409421479906758,0.016998369996669198,0.2567733810411006,0.33909127109272585,0.3452693054527226,0.3491521760000916,0.35877415752901504,150,139.1044951987998,0.36136429057489444,137.88085165057922,138.88954441642036,139.12045340975934,139.3230323376554,139.91961826994702,150,0.023109158900819517,9.6591321966146e-05,0.02277690349070611,0.02305871181068644,0.023114459257661812,0.023173038780234873,0.023342143138945455,150,0.003024540077310436,5.596172714558203e-05,0.002905344334276321,0.002980084696448312,0.003012580627422627,0.0030736452464085982,0.003160493341003926
processed_data_batch_43.npz,150,150,0.3433099729890893,0.01152448889797892,0.2859576054985412,0.3408305246126746,0.34659764820492167,0.34893988282224786,0.3845624218499964,150,138.92694514105173,1.085281022069235,128.40083235562057,138.74416598609815,138.94409379898298,139.19434360518292,143.3019936026591,150,0.02313308043477942,0.00013189738823655484,0.022503595065455687,0.023075028906739695,0.023124854294950613,0.02319560205168077,0.023670529992591813,150,0.003048443374561495,0.0001518521110267276,0.0029187773202032853,0.0029807696498515565,0.0030272601804638725,0.003083411319842271,0.00459621787780331
processed_data_batch_44.npz,150,150,0.3433706993694625,0.00906230830483727,0.28700124770297486,0.3405059229985465,0.3453604354635905,0.34876992646831806,0.3551302859182963,150,138.72666182713468,0.7666535324395092,135.39891550461226,138.44195119154696,138.68904693067645,139.0004233892291,146.0852630583262,150,0.023135865164361967,0.00011794643046313676,0.022307402083497244,0.023060648335010495,0.023140578368402616,0.023209440578569912,0.023340548193854158,150,0.0030422335998084864,8.062066070817363e-05,0.002937142391377754,0.0029852655073674137,0.003026762505321901,0.0030921329237913377,0.003697327566644119
processed_data_batch_45.npz,150,150,0.34150933488609286,0.008092190636199415,0.309005454758789,0.3392293803483135,0.3436423113182888,0.3463983035845011,0.3520237094280756,150,138.47439695795066,0.3279371810201127,137.60719693551118,138.25517955523432,138.4731240701971,138.7202490908757,139.3395381262108,150,0.023107355558724063,0.00010305249806844716,0.0228278212617473,0.023030659190771918,0.023104178268153197,0.02317498631793187,0.02339238865960689,150,0.0030316138383153428,5.9946864013767946e-05,0.0028792242870001807,0.002981482164559186,0.0030217367086865267,0.003083490473625588,0.0031647203799696974
processed_data_batch_46.npz,150,150,0.33595640075923683,0.013044432650779684,0.2504523108898434,0.3318000563451878,0.33921806355378137,0.34374192509598056,0.3514373298392455,150,137.91206906246924,0.971654836422415,134.75168768631758,137.65882920858567,137.87270415035465,138.08883310880628,148.18494360385455,150,0.023140954740829993,0.00010848956966627349,0.022597677604947367,0.02308589449184941,0.023141712057241387,0.02319949141114716,0.023515264116672766,150,0.0030491749483053435,0.00011594310845536007,0.0028924376810872464,0.0029877417806685076,0.003034102021479893,0.003097580475880672,0.004219233375951907
processed_data_batch_47.npz,150,150,0.32803674223700163,0.01290343882029458,0.22163131337170627,0.3261630529181653,0.3316434550354288,0.33486186596284,0.3411633559604315,150,135.8575745596613,0.4153947673629662,134.81757982860648,135.60333518228094,135.87167888969594,136.12327718702025,137.53874007482037,150,0.023190158181550794,9.631949671479577e-05,0.02294792653457034,0.023132663276053855,0.023182394984167118,0.02324397891110582,0.023844834832858524,150,0.0030276408343033385,6.441617485655771e-05,0.002912357096937247,0.0029763853900712134,0.003005916050063125,0.0030853692282526365,0.0033517276105261163
processed_data_batch_48.npz,150,150,0.26355430004105934,0.012946072129899823,0.2210431849806622,0.2575748846511861,0.2639693069536041,0.27159769956693763,0.2877725923034345,150,121.69195378925365,2.0798094753702734,118.5434669691034,119.78491288344787,121.75849592093891,122.9200674789885,126.12973442662255,150,0.02315719155296535,7.735895333503438e-05,0.022961246239034616,0.023110600963534407,0.02315222442643263,0.023209998993323187,0.023352564367847845,150,0.0029817136701403217,5.8818826818436096e-05,0.002874014105093074,0.0029314329096753132,0.0029706770208688224,0.0030349208561897705,0.0030959033812876157
processed_data_batch_49.npz,150,150,0.05507396815657504,0.010978983634964029,0.03716459892646613,0.04594260386299015,0.05303250129548398,0.06181510566084178,0.08430243915760582,150,69.37262479358363,3.6275964608490305,62.95430356258336,66.53976587158063,68.9975740132746,72.15046226145162,78.72153827590863,150,0.0230858229554439,7.684680312272286e-05,0.022860071487270876,0.02303356302349277,0.023093406307226942,0.023140598093127168,0.02325295472549136,150,0.002883562041657742,5.7041726629468155e-05,0.002785308948666844,0.0028430708858458663,0.0028703254014092712,0.0029349877292350066,0.0030069897209952963
processed_data_batch_50.npz,150,150,0.03039143862604267,0.15513839312981628,1.3111514765585696e-17,0.00027883096832673215,0.0005213459693860407,0.0012821538897268183,1.3267296331079281,150,73813.06064146652,364594.616353953,1.3505643037328707e-06,7.391267662249136,36.88164660168101,151.9487605831721,2908360.672691099,150,-0.0065725374080847455,0.15525546594396925,-1.303545962110522,0.022911531666484325,0.02297228972108313,0.02302329300979775,0.02324044150261924,150,0.0028780420188855675,6.173131600147172e-05,0.0027767238783222123,0.0028269163523159963,0.00286012862259842,0.0029336328090300073,0.0030009653392123943
processed_data_batch_51.npz,150,150,0.014340699342788792,0.08015951634397592,3.185048473168457e-18,0.0002364223489041264,0.00048629600932252473,0.0014968910812520307,0.8466049644534359,150,49120.26090646728,271328.6150249637,1.1667467204323767e-06,2.3813575853811475,23.513837989712265,189.9517094490302,2650243.902274678,150,0.009511227348583373,0.08026897348943077,-0.8234913716693274,0.022894945214397056,0.02297540260746201,0.023025106874242397,0.023154275990695604,150,0.0028739483588050897,5.8123170823486994e-05,0.0027485326623716117,0.002830589086324526,0.0028573945757414147,0.0029230685407059965,0.0030140770434415286
processed_data_batch_52.npz,150,150,0.038855114298466165,0.25380895613776866,8.586573648701221e-19,0.00018925822543555584,0.0005648336763035913,0.0016743560535558675,2.5752706487990737,150,92706.21165733568,564669.1356860544,1.004949657310017e-06,0.8625783918745518,22.535316682546856,110.09390517816136,5964108.495532978,150,-0.014798127656007963,0.25392430827336476,-2.5519693068689095,0.022963659806805647,0.023004098453832653,0.02305259069696227,0.02316334957475061,150,0.0028908003539957505,5.99755022675349e-05,0.002788200818658363,0.0028381843533521692,0.0028746916789167206,0.0029499649397907324,0.003005232428370608
processed_data_batch_53.npz,150,150,0.03774219416570899,0.1832616056654489,3.6054177591480946e-16,0.00035271332546541866,0.0007817353449611756,0.0019690409477604335,1.2941151334235577,150,112571.27251833901,537141.6963560763,0.0006285906342287095,3.178226491113306,23.8067122317722,115.25680592820167,3869403.295390152,150,-0.013582164741892116,0.18345044974165547,-1.2709280891232617,0.022952405435732372,0.023014236241381495,0.023056940254870855,0.023194440889486335,150,0.0028798350912285857,5.958506468727678e-05,0.0027799019297064637,0.002829408267429565,0.0028658014517091808,0.002930427383856668,0.003035805994552893
processed_data_batch_54.npz,150,150,0.04710509001060583,0.009881450302285244,0.026047170024564397,0.039717914941992845,0.04810278273210329,0.05551372259621107,0.06377999791403556,150,66.40505806919418,3.9444405179400297,56.843186240897154,63.44659291531768,67.11900062805901,69.4024081087173,72.9354278476431,150,0.023114763697455874,6.977511730523974e-05,0.022939218138447234,0.023068460012771637,0.023115448576465615,0.023162351840312713,0.023274480717335958,150,0.002901396105307336,6.739311716051646e-05,0.002774760925672577,0.002843534813502112,0.0028880390343980072,0.0029662082203911243,0.003036954893162896
processed_data_batch_55.npz,150,150,0.25863925952798783,0.013903151493513429,0.20651191857608922,0.24990541372559552,0.25819161788524037,0.27013079771047577,0.281728048200639,150,120.72911866098679,2.5623944271904717,114.55714494155369,118.80654835003709,121.42168592946746,122.7643924216689,125.02962859271929,150,0.02324249506604346,8.344596338957542e-05,0.02299586808133924,0.02318534163603877,0.02324131558063724,0.023305869259612002,0.0234324537620519,150,0.002982306016815402,6.105673503897064e-05,0.0028713751125900937,0.0029341716763250933,0.002973088561366385,0.003032311281797104,0.003120135318018033
processed_data_batch_56.npz,150,150,0.3275851031778788,0.010910456899394674,0.27796494502955893,0.3247841054435222,0.3311246977225689,0.3341459574441923,0.3560532416237736,150,135.90222066156755,0.4758582186027613,134.5132817032647,135.58548082905367,135.83862408410766,136.26589575667754,137.95294392658178,150,0.02323843781204585,0.00010032392231298947,0.02303485010216966,0.02318108456704332,0.023233849932137424,0.02329828845482801,0.02378098863228083,150,0.003031369128985482,6.69124852816966e-05,0.0028757761462214915,0.00298452928479306,0.0030218431393576385,0.003086418917259746,0.003312135773809476
processed_data_batch_57.npz,150,150,0.3322675158572755,0.015055279280541766,0.2571057315656539,0.32741824706690836,0.3377259039867449,0.3412810796358261,0.3498672112772973,150,137.91721947115695,0.37011725391052724,136.58280385611886,137.6863483897764,137.94575644842945,138.19747150820825,138.7008797131197,150,0.02326246379450012,9.783299522694e-05,0.02302521790928931,0.023191475712085012,0.02325562268004789,0.02333080881362956,0.02350937607198648,150,0.003036679691029013,6.103029351303874e-05,0.0029221936002007845,0.0029830972295447357,0.00302445968047495,0.0030859045877279865,0.003180964589165178
processed_data_batch_58.npz,150,150,0.3373171378346612,0.013661541049451957,0.2580733562088264,0.3345759435101499,0.3416337231776433,0.344791929314036,0.3529396568371897,150,138.51040935119633,0.5784535087414788,137.53626178831655,138.2524747521275,138.4369195554063,138.7298041465927,142.8128961336083,150,0.023284915422458075,9.65447745454667e-05,0.022886221933979937,0.023224787416140015,0.023284727409622834,0.023347547361988137,0.023536709697710795,150,0.0030318799814011603,6.113378084252296e-05,0.0029193944314811833,0.002988969960091704,0.003020064566547447,0.0030810896021417457,0.0032784408581175064
processed_data_batch_59.npz,150,150,0.34007322112830657,0.011021947896961641,0.25766609999575163,0.33726005581504603,0.34310100834639823,0.3462958073266471,0.3532621165067588,150,138.87628977513478,0.3132955595440332,138.19469281693938,138.68286559175152,138.88076084711082,139.09869866833057,139.85923850329635,150,0.023208174630938175,8.773644848922865e-05,0.02295590726855811,0.023151435091828133,0.02320171057499112,0.023262339420019422,0.02343881249085794,150,0.003036917925412551,6.299284671741655e-05,0.0029035352658363972,0.002990469964855768,0.003031358795062879,0.003088075441118166,0.003170174966891544
processed_data_batch_60.npz,150,150,0.340625060622428,0.014693592717031221,0.2474303034604223,0.33984080773026687,0.34416338312864947,0.3473487796917091,0.37401954673757726,150,139.33292901306166,2.788990758966512,138.15373851207983,138.74870724323063,138.9870263318794,139.26399967251803,165.29257330085017,150,0.023169974685467533,0.00033766629878111083,0.019798355802802436,0.0231454810701449,0.023197652768171616,0.023250262978165247,0.02387279913583264,150,0.00306823090459843,0.0003511519546972007,0.002919875387643942,0.0029869310911474945,0.0030165418033956453,0.003076934879602194,0.006800836160531889
processed_data_batch_61.npz,150,150,0.3410705292808292,0.013165417611007391,0.254487495786304,0.33944403878937734,0.3449759893959651,0.34801265082776184,0.35294844925566116,150,139.21803609126573,0.3615524522922457,138.41619221892216,138.96858844824095,139.2088352235554,139.51880568737693,140.0202162347398,150,0.023228122778921046,9.553304679514508e-05,0.022932776509709728,0.02316779200199388,0.023232851991895377,0.02328838411253238,0.02346929778960035,150,0.003037165352060592,6.135406691791111e-05,0.00289647190780744,0.00299136728255533,0.0030227135055986877,0.003086596557033678,0.0031718705741645356
processed_data_batch_62.npz,150,150,0.3392660973329957,0.014142399951577367,0.27994362873671874,0.3364315269706758,0.3436919821522891,0.34725620453280515,0.38216240251900097,150,139.39146326003208,2.9992039795642924,125.8749791797594,139.02171411155706,139.3041568683789,139.51966220261923,172.9089671731752,150,0.023223761068573125,0.0003562867580430555,0.01948665661288016,0.023179987155621196,0.02324089865947688,0.023294018644018435,0.024980045552022802,150,0.003078768633384391,0.0003330531488113041,0.0029012747296051442,0.0029874207273218175,0.0030400938079952113,0.003108585373946223,0.006895535507874452
processed_data_batch_63.npz,150,150,0.3394316886469467,0.01771036277023112,0.19129669418684775,0.33624689476780334,0.3440752281742311,0.3479479694205514,0.35511624661713187,150,139.3180410522072,0.31909453150006856,138.55299812591812,139.08806109422315,139.3367401421827,139.53727900830063,140.1379477874143,150,0.02328917464853493,8.723579276892761e-05,0.02309403709146542,0.023232997352037127,0.02328527153263777,0.02335334644586942,0.02354576139654911,150,0.0030389351534193887,6.121065453433527e-05,0.0029134824999917067,0.002986166989506,0.003034431529635056,0.003086747741568809,0.003223005410120141
processed_data_batch_64.npz,150,150,0.33887590840522563,0.016213042821224675,0.2725871311742525,0.33532561245836257,0.34328720626001197,0.347177016093771,0.3810859480138777,150,139.484840175056,1.7862855189986642,137.95339898376469,139.03152818329457,139.2916977685589,139.61171574585566,159.40552873923454,150,0.023277049600573953,0.0002636049419085309,0.020384094758900236,0.02323116963640124,0.02330175200774419,0.023356693588936488,0.023642255342643127,150,0.0030632296930727747,0.00038758639666559895,0.002913230537355678,0.0029800319967133284,0.0030133634410215108,0.003075472051237512,0.007667613041755837
processed_data_batch_65.npz,150,150,0.3404825097519615,0.011184129399355064,0.2877430002241076,0.33817880757934204,0.3435537462074015,0.3470463416802004,0.35336719874693406,150,139.41964522999814,0.38484077747445605,137.45335156286242,139.17160457784954,139.4628673868311,139.67671662749564,140.52278826553786,150,0.02328230462955195,9.749403496486405e-05,0.022946903118026607,0.02322777675759441,0.023284813575951455,0.02334607712809121,0.023538148608031068,150,0.0030432963189155034,6.261409550148977e-05,0.0029264925505611845,0.002993297796332557,0.0030307691901550037,0.003091914966981607,0.003161475266993372
processed_data_batch_66.npz,150,150,0.34027558516842343,0.013420679147503133,0.27999044204441564,0.33709488252113595,0.34361940868057367,0.34780991996498734,0.3719878827944416,150,139.49335522698118,1.1287377940238408,133.5759346338987,139.1743326437442,139.42647701650554,139.66068677586807,149.27811500398388,150,0.02329218910790819,0.00010720547498512095,0.02269217664634249,0.02323361670473096,0.02329184596227441,0.02336465001544099,0.023523326342321998,150,0.003054217659053189,0.0001243402115157078,0.00287591942677448,0.002986923179520938,0.003027811239749041,0.003096644741141629,0.004146838794943666
processed_data_batch_67.npz,150,150,0.34065701143886123,0.015433712010893963,0.22673021961708878,0.33858999244495874,0.34533411343628995,0.34805805836540704,0.35438812316311397,150,139.50370402541878,0.3692089288646568,138.43605648720842,139.2791305438407,139.50945126946885,139.7190225802316,141.27973491379197,150,0.02329355846963404,0.00010011038225409417,0.02295764690659737,0.02323288120208311,0.023287153640677016,0.02336489697370087,0.02358014298888715,150,0.0030301160949272182,5.6649539021172876e-05,0.0029209546012643937,0.002986074966086543,0.0030214685561081125,0.003070812261257138,0.003160971239931658
processed_data_batch_68.npz,150,150,0.3383093710784873,0.01828432077880003,0.24413726476845704,0.3345413939620502,0.3438197706757924,0.3476995378580139,0.4066766669238606,150,139.41874634607672,0.6993562067903762,131.98098864896804,139.22734936963548,139.44438440799178,139.66737336381422,140.18325319845522,150,0.02329169517806485,8.84276716433043e-05,0.02301472954748532,0.023240360147875772,0.02329644134108957,0.023355574491199797,0.02351965933702879,150,0.00304298537690681,0.00011775729742743994,0.0028900924582740124,0.002991996668723849,0.0030189963988301338,0.003087780757844081,0.00426408386052747
processed_data_batch_69.npz,150,150,0.3390594862088535,0.01559042008170389,0.2510410560585257,0.33452002854375995,0.3446613409551782,0.34887854493207676,0.3556027060030057,150,139.5136622946817,0.3355631316969868,138.5810230245853,139.31137229872124,139.53375507032146,139.71796331900555,140.3476792843692,150,0.023275962361945263,0.00010050200645914226,0.022940406371772675,0.023213125688434613,0.023278719436675303,0.02334220015600623,0.02358306475806413,150,0.0030403227666709917,6.468981132879294e-05,0.0029277936280346075,0.002983951136157822,0.0030332181243913885,0.003093531273218334,0.003174748402099172
processed_data_batch_70.npz,150,150,0.33782857198717575,0.01403145073956207,0.280706440813127,0.3327859663546062,0.3426451750582181,0.34757817633644594,0.35405814955935005,150,139.55968444568182,0.3388731686893214,138.52852751379527,139.3482881116097,139.5799669399487,139.80504525673388,140.27725873328143,150,0.02332850555225128,9.739458340176205e-05,0.02305731216954789,0.023259060268216725,0.023327299325545413,0.023394587048758474,0.023586586101723473,150,0.0030337939621958602,6.401639433130176e-05,0.0029263299451407487,0.002977849210640783,0.003014615558346208,0.0031006183597646502,0.0031769300256985033
processed_data_batch_71.npz,150,150,0.33931902311797396,0.014376270008457393,0.2434327259525984,0.3378531803048227,0.3438548192685069,0.34751960919971214,0.35356705980717645,150,139.52429572723045,0.37603504754274586,137.60030478083246,139.3088035597251,139.49872210021226,139.79234294104643,140.44201844284768,150,0.0232496469742546,0.00012083160213063804,0.022580522268878377,0.023196910723653024,0.023259010333299645,0.023327298539580193,0.02347851829974988,150,0.003049536091561141,7.736498778365077e-05,0.002933017879091815,0.00299453215730201,0.003037618466890846,0.0031019284721360086,0.0035799244176691297
processed_data_batch_72.npz,150,150,0.3410018173042363,0.010979480603988713,0.2880076544042066,0.33776607049046886,0.3441207155366468,0.3473019403489245,0.35656388698141134,150,139.5687339333547,0.3412309656230905,138.37361784125335,139.35123203098897,139.58572395005473,139.8217195973286,140.26788924302633,150,0.023250282313234324,9.07345347917867e-05,0.023034799824103846,0.023188957453162552,0.023256700336187028,0.02330453228351349,0.023477385712382465,150,0.0030352282336500534,5.656891659444281e-05,0.0029444404709797994,0.0029902067542578415,0.0030192189939635223,0.0030801515006778947,0.003161818183386135
processed_data_batch_73.npz,150,150,0.3401005483765934,0.01589656876862677,0.2120666992118529,0.3350439587332183,0.34555058159419627,0.3487469491563246,0.3552446684602792,150,139.57765874953535,0.36696984555148493,138.7530567035229,139.36994432662044,139.56421424545485,139.79397505022257,140.91300019392554,150,0.02328239163347952,0.00010393609298385582,0.02281168896965224,0.02322502080431479,0.023276361685908194,0.023349778150556773,0.02358532138070678,150,0.003048062791209687,6.560658907987731e-05,0.002932291967823436,0.002993916113871415,0.0030320209785051587,0.003105325882070917,0.0031862528170479585
processed_data_batch_74.npz,150,150,0.34009331282330146,0.01366579286722567,0.25703986470009477,0.33772131278948997,0.34424596120185114,0.34795978217895185,0.35283634311036605,150,139.58598281627386,0.3360741312661385,138.80172792719242,139.3611328786642,139.53006551689475,139.80430185243102,140.5410334268422,150,0.02333823772644343,8.476281077724538e-05,0.02314449410036905,0.02327183577255461,0.02333498955920904,0.023392768882329593,0.023548044054901584,150,0.00304673515534832,5.91647476062126e-05,0.0029493535185148483,0.0029973237073842485,0.003034546346918946,0.0030975293868558506,0.0031773250039945403
processed_data_batch_75.npz,150,150,0.33683171662313993,0.01732939284238372,0.22704384308936104,0.3340088311376797,0.3429376114717506,0.3464130356565119,0.35542713589577307,150,139.4761212001573,1.2296518510962466,128.1864162943478,139.25400032915633,139.5470759486194,139.8217173053959,146.03832265911515,150,0.02340853688258986,0.00016400959593886673,0.022790813910360003,0.023327596223716048,0.023401966981225035,0.023468053325012197,0.02488540228671086,150,0.0030653187799822147,0.0001633854034771325,0.0029335922693286966,0.0030028358709172157,0.0030377253910063764,0.003092894953406205,0.004777593663355824
processed_data_batch_76.npz,150,150,0.34032312764886796,0.011649260985967613,0.29776609850034486,0.3378374051838572,0.34484847230526006,0.3475463016956231,0.35322846685857895,150,139.58335185284975,0.303671190449513,138.93298708999757,139.35651856662042,139.56579382506735,139.77723560631648,140.442287087652,150,0.023486902354033928,0.00010716940082792733,0.023151198153964977,0.02340877831102295,0.02349621753075458,0.023550474957484257,0.02380396198565884,150,0.0030496474269991647,6.081869646024835e-05,0.0029264839776977133,0.0029972313281245375,0.003040948478095284,0.0031008919567700093,0.0031860594444849395
processed_data_batch_77.npz,150,150,0.34001979614816785,0.014369242828165164,0.25640571677135826,0.33605784264882554,0.3446793089637031,0.3487265703108989,0.3572687766587825,150,139.50224204378208,1.4754084649556063,125.12551693869743,139.42265767443664,139.70453272638395,139.89618277344408,141.20648501810652,150,0.02345421784219717,0.00012291423240442162,0.022734243633985577,0.023393069878260585,0.02345099478678591,0.023508513318422086,0.023902417315205357,150,0.0030544149706803,0.00016345712097033096,0.002907898398016046,0.0029815036695401104,0.0030218095436581258,0.003101195845460499,0.004533307837904767
processed_data_batch_78.npz,150,150,0.3412684784634385,0.011328075239617048,0.29295670447098326,0.33889599467705445,0.3441896185444784,0.34772020398035897,0.36140387868499824,150,139.62908125610912,0.3289455364071205,138.60851318656296,139.40911328187562,139.58069095847603,139.8564341181525,140.4106244684877,150,0.023480924222568707,8.345286389524839e-05,0.023233564470327147,0.023421988315789774,0.023486362545883457,0.02353594107533502,0.02366361937455333,150,0.0030431024431482306,5.728049382893156e-05,0.0029331919676871088,0.002997814711113784,0.003032966874760995,0.0030917757652258195,0.003177994582952601
processed_data_batch_79.npz,150,150,0.3401996886840236,0.012614837759392167,0.28214862891370657,0.33728207013813427,0.34365748731636936,0.34721687865165796,0.35588588201945354,150,139.62434026998412,1.585277228888308,125.6965400285681,139.398054869606,139.62994284134408,139.8587456254682,152.3374578279285,150,0.023465685272131408,0.00019538716661977567,0.021711524899027713,0.023406209643864674,0.023475514456762617,0.023539425624158318,0.02438140600974443,150,0.0030765103491690814,0.00027964476947505736,0.002932397880348557,0.0030001841089811587,0.0030468695660880304,0.0031012225124681624,0.006220477954563449
processed_data_batch_80.npz,150,150,0.34160139233119025,0.010337150920771946,0.3037582084243586,0.3394511805114211,0.3441597055052965,0.34847753983824314,0.35886278234731783,150,139.67395281531446,0.3561820609627089,138.92705631129544,139.41383903232241,139.680931449485,139.95386775005755,140.48315726685647,150,0.02344808455362033,9.119258483989048e-05,0.023185110663274312,0.02339059566692146,0.02344814851856248,0.023509304913254012,0.023685575478552618,150,0.003050249932924249,6.193664002267036e-05,0.0029135844588056457,0.0030014676136892737,0.0030357744729268637,0.003102471581310239,0.0031864818200356576
processed_data_batch_81.npz,150,150,0.3412119926695245,0.013906268029827383,0.23927898901803954,0.33800502701209,0.34549373691153595,0.3487749596114598,0.3543578235469479,150,139.81254412708182,1.5581877557833415,138.79301356209675,139.51351198279087,139.67749226784795,139.8964009671858,158.31805901432924,150,0.02346707052163741,0.00018350124447209277,0.021626785477228964,0.02341162940830095,0.023477653605565644,0.023544647351821275,0.02407365742126194,150,0.0030754065688869507,0.0001625962236083314,0.0029464948940419924,0.0030053433177158937,0.003060125338928165,0.0031150413874857907,0.00488143301728021
processed_data_batch_82.npz,150,150,0.33969728357861156,0.012265067207603828,0.2817108730187651,0.3351236617891181,0.34191903175433735,0.3486432990673844,0.3573585164275153,150,139.56037574724184,1.4947769448496016,121.7872233634207,139.46059534096867,139.69525524497874,139.87126597039094,140.66839131626764,150,0.023453818031581766,9.589272206315117e-05,0.023190596197876837,0.023387554020833066,0.02344766601408028,0.02350734818267941,0.023733444613628297,150,0.0030675647275711935,0.0001905518272451464,0.002937969245290585,0.0030086575740698182,0.003040651028078965,0.0031063405784022397,0.005271189641164681
processed_data_batch_83.npz,150,150,0.3427767987763669,0.011879069570156083,0.2871338258893818,0.339196655396115,0.3457044710403675,0.34925727683574526,0.39537831759027525,150,139.65105673166266,0.36284340292026945,138.53995121521507,139.44982507677193,139.6573842527639,139.89686454723156,140.5134516491169,150,0.02346974120673507,9.653327957381091e-05,0.023066667413772255,0.023418961471196594,0.023462789154506152,0.023532157119937683,0.023816753000923428,150,0.0030528053460260117,6.272569406551975e-05,0.0029347064839829132,0.0030012931544235307,0.0030420384343937575,0.003108652315142878,0.0031966902856667713
processed_data_batch_84.npz,150,150,0.34016172879280454,0.016064891962407565,0.23118855614132683,0.33606603579799643,0.34479431484165035,0.348843344103133,0.3562745364217311,150,139.65030011871147,0.43907999199366265,138.7075299275081,139.41582264355793,139.65693941323906,139.89724941581605,142.88204408829301,150,0.02345792676134898,0.0001212661195978119,0.022867147893767998,0.02338288136273526,0.023457719277559685,0.023510767405325924,0.023897888924652486,150,0.003053070645411339,6.249021545762893e-05,0.00289823360595511,0.0030052139043500407,0.0030449301354971746,0.003101028737229261,0.0033677040411682537
processed_data_batch_85.npz,150,150,0.3388283450100103,0.014671313529078009,0.2772765024817966,0.33559107161347274,0.3435583830205369,0.3478700205100874,0.39048043966874246,150,139.62937385708713,0.3516881098516034,138.1483193250034,139.38787226148378,139.62632078514292,139.89821456376637,140.80808504532558,150,0.023661936435811454,0.000134668175009607,0.022847052853626575,0.023587208520485754,0.023669713839406106,0.02375187899246451,0.023950716429134763,150,0.0030545238783193074,7.042750644231154e-05,0.002938224695139033,0.0030032393463178377,0.0030419150508980706,0.0031026623357178528,0.0034796323369477326
processed_data_batch_86.npz,150,150,0.34119499907990397,0.011596323831541362,0.27162911143633345,0.3390362580836771,0.3440361147633318,0.3478192729015434,0.35641782240139946,150,139.55425838865955,0.352647249002125,138.354576724353,139.3306956904545,139.52191356812585,139.81332809007174,140.65284247650703,150,0.02394322403632511,0.00010279203175774829,0.023641416102995607,0.023874483872223705,0.023949155167117216,0.024016425418355688,0.024247465667942995,150,0.003048380425611862,6.232312322874443e-05,0.0029267103592254015,0.003000660243199147,0.003034225137540874,0.0030974691118919465,0.0031902282135780427
processed_data_batch_87.npz,150,150,0.34108230076294616,0.011990562425944902,0.28848498851322246,0.33818123678927525,0.3452419937442433,0.34868093008918966,0.3548062370215725,150,139.43035993767143,1.4588010852144762,122.21810836615231,139.36388243593132,139.52793864403623,139.7822986599931,140.49736778446436,150,0.023956023823982597,9.818968623918438e-05,0.02363907879511286,0.023893858581584777,0.0239613474288706,0.024013341721390902,0.024216879224564128,150,0.003061628224134068,0.00022207163885894712,0.0029242035852901317,0.0030056480732241486,0.0030304598768397884,0.00308883108869161,0.005672548936645677
processed_data_batch_88.npz,150,150,0.3407020194918144,0.013413893605032503,0.27366099853188725,0.3351910792666486,0.34560485427749926,0.3488774518992581,0.37687529944176773,150,139.61542514408913,0.37271052282804573,138.22380849022568,139.35550469297124,139.6117184470683,139.83973019469624,140.92047236769406,150,0.023981737104451537,0.00010446519522944688,0.023207068030264226,0.0239245101988119,0.02398151046272472,0.024049352868941436,0.02419282138174902,150,0.0030553233303797305,6.465351885643815e-05,0.0029252767496580506,0.003006248503804307,0.0030420702786248706,0.00311008927821261,0.0032501977090905296
processed_data_batch_89.npz,150,150,0.34163358395920257,0.01267084652695199,0.29061022353227306,0.34011879935447453,0.34604290153408823,0.3491360845587659,0.3555573503427982,150,139.70057976531254,0.434948708373837,138.8901263689709,139.3992894055574,139.6547848007549,139.9415325616978,142.84025731809245,150,0.02395870534132473,9.523170672098833e-05,0.02348481041657013,0.023893233363226324,0.023961251076972064,0.024023536396702815,0.024146453012064938,150,0.003051566996856788,6.651661560192211e-05,0.0029432766835315815,0.003000039245452994,0.0030375418754427755,0.0031006494405421345,0.0033291364417544645
processed_data_batch_90.npz,150,150,0.34358117915226016,0.01488858544542132,0.22594587933039087,0.3418846304008244,0.3471404507362561,0.34995946668255873,0.3984616978761556,150,139.5400401787429,1.1519143255916278,126.17144384525933,139.4405944904345,139.5982157225551,139.84065173100115,140.540330631085,150,0.024005302431476316,0.00010947416955143892,0.023658902513321943,0.0239406934396159,0.02401082025360573,0.024059664477911247,0.024681124486209197,150,0.0030528647490614415,0.00013109891665335482,0.0029055487237853164,0.0030009385685252177,0.0030330671415572065,0.003091712387917707,0.004486090410049802
processed_data_batch_91.npz,150,150,0.3400092640074801,0.014999808877440669,0.2449999492277655,0.33652349692198413,0.34457943565066074,0.3497813237509254,0.35786393925021254,150,139.55351000912478,0.8943390788971374,130.64960921976,139.35405236015635,139.6346159632123,139.93414314746664,140.47613292590012,150,0.02403090918966661,0.0001419953354394128,0.023294244367359603,0.023971416484616613,0.024034198905721144,0.02408667502470782,0.025039531070457657,150,0.003070569677017422,0.00015041761181115216,0.0029560278499855073,0.003005999297838703,0.003048065170696874,0.0031072732760899892,0.0046579614700796605
processed_data_batch_92.npz,150,150,0.3427672735079343,0.01146698373299085,0.25624122044498027,0.3409660473584357,0.34574779247012927,0.3488119158416613,0.35563310090604094,150,139.68837935247865,0.3549879564220055,138.03326171147992,139.48147898950384,139.68200930818273,139.87544879463746,140.57109785906036,150,0.023969805210852537,0.00010136882262386987,0.023422523868633045,0.02390834853059601,0.023973176362660983,0.024036495783657182,0.024293035719109412,150,0.0030645532372338647,6.576367834137279e-05,0.002923163098945632,0.0030096089732202192,0.0030517631204290754,0.0031242009457378836,0.0033552098703296665
processed_data_batch_93.npz,150,150,0.3422462819949924,0.011295700375035269,0.2941724179625816,0.33965771287367275,0.3456777173544159,0.3491529281889508,0.3572201571194164,150,139.75228613531596,1.0492200009943133,138.64181503057006,139.41738313776116,139.65641892530562,139.87741420843383,151.7494925605517,150,0.02393706452630415,0.0001465868635853436,0.02275159849303446,0.0238768739094689,0.02393769461450217,0.023999960810082554,0.024702719513789207,150,0.0030666117010437477,0.00010038978227887252,0.002952747320972901,0.0030113518016007916,0.003041331011112031,0.003112474305809005,0.0040345940658107985
processed_data_batch_94.npz,150,150,0.34264231327724287,0.010200444898243247,0.29415634491126713,0.3402925379875066,0.34532669241892466,0.3489232764162076,0.35619105076298146,150,139.6066192898468,1.2230810021580443,126.81766309059344,139.4353431175615,139.6720855789845,139.94916912040074,145.16841391893755,150,0.02389466348317687,0.00016041537252596235,0.023497197904854022,0.02380855269887256,0.023890997493721228,0.02396678444103414,0.0253630207278725,150,0.0030821964318755064,0.00015386415804801551,0.002950432582064071,0.0030144419656177256,0.0030722656696749156,0.003128634781917243,0.004678416484651041
processed_data_batch_95.npz,150,150,0.34208154162866716,0.014471869985796103,0.234616437486062,0.3395222632313781,0.34643785388180626,0.3497622371373531,0.35478218842839543,150,139.66096948335112,0.5616022994670318,134.15515933438903,139.4511048634866,139.70789199727471,139.91967873347224,140.44678746220941,150,0.023768322024090686,0.00010702421394648684,0.02317778043694212,0.023707501001866527,0.02376841467081909,0.023831194217516047,0.02403690294353247,150,0.003060505035070768,8.197707329444109e-05,0.0029518921455421697,0.0030079315037704704,0.0030543760190798125,0.003098340388901692,0.0037788651864621185
processed_data_batch_96.npz,150,150,0.3417646966699093,0.015768453421939763,0.24133542749445383,0.3388301236699474,0.34591975855815416,0.34959991027149484,0.3581297337344607,150,139.72412721205168,0.48181965764812296,138.4077694161566,139.4428952958006,139.68272498839042,139.9540119250122,142.93365112131897,150,0.02383804818950173,0.00017496962993531216,0.023467048641211023,0.023712763701716016,0.02382360221793487,0.023943111191713898,0.02454864781999179,150,0.003061476761508229,7.294986466840711e-05,0.002923229489156742,0.003011987958299463,0.0030488737697325647,0.0031066120301590345,0.003561333036766404
processed_data_batch_97.npz,150,150,0.3401291888398448,0.014893579849855268,0.28109724920414525,0.3360389676715899,0.3445416523405179,0.3497040315162094,0.3643403609079916,150,139.61623605823857,0.6182579315214967,134.4257548655132,139.48203694203264,139.64521027152884,139.88093389188458,140.4377467769709,150,0.02405190965140336,0.00011067050624463808,0.023553240674784367,0.02399255647703389,0.024054276786823856,0.02411944782132024,0.024428096909570426,150,0.0030669853494491132,7.838001619857066e-05,0.002929753276114392,0.0030148142039126326,0.0030502344919593385,0.003117982351982129,0.0034970231199043535
processed_data_batch_98.npz,150,150,0.3437053328074128,0.010993803461399115,0.27027110881970623,0.33785778334836586,0.3471593925715676,0.35100314101348135,0.35767264094893697,150,139.7291363956031,0.3496242021654082,138.91114494342102,139.464178461598,139.7338812432841,139.92970470250052,141.21435787335523,150,0.023966367224527184,8.933233307804876e-05,0.023747457907492792,0.023906680478696547,0.02397124021428862,0.02403051968738201,0.02420649194273338,150,0.003054870313417509,5.891284813299591e-05,0.0029492593237511276,0.0030052732322592354,0.003042934785194968,0.003104682260830796,0.0032062584149196317
processed_data_batch_99.npz,150,150,0.3420740934376769,0.012237012390142361,0.29437568288048765,0.3370536101122262,0.3457424182844291,0.3503623213453257,0.35765530602098256,150,139.71641634078168,0.3716824485716673,138.7773046302016,139.48162642053774,139.6862594171427,139.9540598198426,141.6613506950827,150,0.023848251628425913,0.00010647581697262136,0.023560733383039153,0.023777809175287306,0.02384585360572352,0.023920653441209652,0.024258261502739034,150,0.003055381732480954,5.7697905754505686e-05,0.002944034606854303,0.003009860528062018,0.0030520087884838495,0.00310171110458215,0.0031854623557820345
processed_data_batch_100.npz,150,150,0.34080634717808667,0.014555929072953722,0.26842939379775854,0.3343643559294308,0.34595090187531485,0.3500631071080128,0.36299473503722196,150,139.67627946976282,1.9034622187297143,125.3520798659014,139.43992996259553,139.66606781987912,139.88645384808137,157.4296633354085,150,0.023747550318572508,0.00020549726480411254,0.02256448088332438,0.02367218223928306,0.02374467805867793,0.02379159745550847,0.025367536880075682,150,0.003083765846860047,0.00020503961559572992,0.0029654764435593246,0.003012054415403569,0.0030514462254505816,0.003118222193648125,0.004882060669673062
processed_data_batch_101.npz,150,150,0.34329637515747286,0.010930376744757065,0.28666116501516087,0.341165194403781,0.346489483581102,0.3495405694602608,0.3566865344731414,150,139.67067462745152,0.32739902674713345,138.83689248031507,139.43137754829954,139.66129945604283,139.906935185014,140.39764203647826,150,0.02380654007422771,0.0001045608481859884,0.023345322480214488,0.023734820236186192,0.023797018705615205,0.02386340291915272,0.02405046611789193,150,0.003063890987428583,5.968258243992447e-05,0.0029464808854452345,0.0030168410400988567,0.0030545947001655834,0.003118165311372452,0.0031757117612495225
