filename,Raw_successful_fits,Raw_I0_mean,Raw_Tau_mean,Raw_B_mean,Raw_Residuals_Std_mean,Raw_I0_std,Raw_Tau_std,Raw_B_std,Raw_Residuals_Std_std,Raw_I0_min,Raw_Tau_min,Raw_B_min,Raw_Residuals_Std_min,Raw_I0_max,Raw_Tau_max,Raw_B_max,Raw_Residuals_Std_max,Savitzky-Golay_successful_fits,Savitzky-Golay_I0_mean,Savitzky-Golay_Tau_mean,Savitzky-Golay_B_mean,Savitzky-Golay_Residuals_Std_mean,Savitzky-Golay_I0_std,Savitzky-Golay_Tau_std,Savitzky-Golay_B_std,Savitzky-Golay_Residuals_Std_std,Savitzky-Golay_I0_min,Savitzky-Golay_Tau_min,Savitzky-Golay_B_min,Savitzky-Golay_Residuals_Std_min,Savitzky-Golay_I0_max,Savitzky-Golay_Tau_max,Savitzky-Golay_B_max,Savitzky-Golay_Residuals_Std_max,TauPredictor_successful_fits,TauPredictor_I0_mean,TauPredictor_Tau_mean,TauPredictor_B_mean,TauPredictor_Residuals_Std_mean,TauPredictor_I0_std,TauPredictor_Tau_std,TauPredictor_B_std,TauPredictor_Residuals_Std_std,TauPredictor_I0_min,TauPredictor_Tau_min,TauPredictor_B_min,TauPredictor_Residuals_Std_min,TauPredictor_I0_max,TauPredictor_Tau_max,TauPredictor_B_max,TauPredictor_Residuals_Std_max
processed_data_batch_1.npz,150,1.4357736253424154,139.1743146509167,0.020698831380763554,0.00415309085640838,0.053912884895588556,2.5084190066412404,0.0011415772573347795,0.002175440223550788,1.1711215266501176,121.52225168502818,0.015442082272779985,0.0033646029994963576,1.4988415001759459,154.33681459991192,0.028921651369809072,0.020403888523892178,150,1.435777041181207,139.17391390454816,0.02069911448972872,0.0017421406881224484,0.053913328274118655,2.508846077339004,0.0011420250906688464,0.002658833496049276,1.1711415199989121,121.5231311465134,0.01543463237975383,0.0006624851515693611,1.4988811837889269,154.3484052596346,0.0289212304179237,0.020076028770012487,150,0.0,171.44475,0.0,0.0,0.0,4.9287252,0.0,0.0,0,129.80756,0,0,0,185.08786,0,0
processed_data_batch_2.npz,150,1.4461979583419153,139.71940203769424,0.01962716088085935,0.0034758801256910324,0.037339125540217566,0.33275632225109436,0.0005493723665674319,6.61751135456563e-05,1.2767497035527313,138.73914596795987,0.018563967451568877,0.003331197086952255,1.4860694650473105,140.3333417482364,0.020658348958981464,0.0036847156364335385,150,1.446200202160974,139.7191543442476,0.01962727411460463,0.0008038562279698521,0.037338101908055754,0.33320742724973884,0.00054942903446648,6.665726920547964e-05,1.2767594464678707,138.74075250865988,0.018564372439270293,0.0006611860224010518,1.486015307727259,140.33825436282504,0.020655620304302773,0.0010183208193149385,150,0.0,172.52278,0.0,0.0,0.0,1.6915078,0.0,0.0,0,165.21147,0,0,0,174.849,0,0
processed_data_batch_3.npz,150,1.45737474082758,139.3761236009034,0.018768030023998766,0.0034775042994466187,0.028372512061257925,0.3009628793115391,0.00015751475998285633,7.49029106814631e-05,1.3378314897348964,138.6507070185191,0.01843393882126304,0.003298892313964243,1.5052947354504096,140.22432782340545,0.01915253990062846,0.0036819224805273716,150,1.4573772087143761,139.37580338940646,0.018768298398967986,0.0007970591092389223,0.028375642204375363,0.30122294003697414,0.0001573473737824938,7.56644958760689e-05,1.337822113455179,138.6481486660214,0.01843357452581985,0.0006383579161490392,1.5053038282336555,140.22598517194265,0.019155066368382056,0.0010567425494897244,150,0.0,172.21909,0.0,0.0,0.0,1.1900822,0.0,0.0,0,167.0716,0,0,0,174.80968,0,0
processed_data_batch_4.npz,150,1.4487158547107637,139.42530557872794,0.01865055729514932,0.003473983304672401,0.03313953229934682,0.37585575757701334,0.00016023849611817683,6.695843427034067e-05,1.2917770954762715,138.45487947078072,0.018292140911371824,0.0033235499614459657,1.4995992356583239,140.37602062326636,0.019092833539434667,0.003641215283177404,150,1.4487180168097553,139.42499628196256,0.018650830232716853,0.0007958886400098667,0.03313850514691498,0.37582872362366126,0.00016025578725284035,7.700645921977878e-05,1.2917532290097948,138.45752558883083,0.018296101693781992,0.0006422781986483116,1.4996080034047456,140.36948219215495,0.019091256653262483,0.0010675699406971116,150,0.0,171.92778,0.0,0.0,0.0,1.5417058,0.0,0.0,0,164.59476,0,0,0,174.32083,0,0
processed_data_batch_5.npz,150,1.4219972761726782,139.79362693150676,0.018653354952343073,0.0034562205532034144,0.06648147718526175,0.22624722274817263,0.00014566377039425043,7.233953086955812e-05,1.137041833719331,139.20604763256776,0.01819876345092883,0.0032453854477395997,1.4939831988486325,140.37654402408936,0.019131786113533757,0.003646831850104161,150,1.4220001796400603,139.79320959548494,0.01865372514474648,0.0007942314397415397,0.06648099659590571,0.2258716170264454,0.0001456122447627206,7.284148911216794e-05,1.1370248689706595,139.2092050780476,0.018195531978768734,0.0006342607593599873,1.4939989347182572,140.38147699692306,0.01913292235539318,0.0010580689025874099,150,0.0,171.34735,0.0,0.0,0.0,2.910768,0.0,0.0,0,158.85501,0,0,0,174.64107,0,0
processed_data_batch_6.npz,150,1.443114193409248,139.6230550527635,0.018792468927024023,0.00348015675861692,0.03949783635285387,0.28123465853255714,0.00015246801776868526,6.529853516471275e-05,1.2353688553108773,138.81505171990034,0.018403574353549706,0.0033425638054126595,1.4926635579060192,140.3928157762344,0.01908268917094085,0.0036540066103053223,150,1.443120436395674,139.62234263152413,0.018792865110288628,0.0007963998321340053,0.03949976826163403,0.2809175723467809,0.00015239907926259134,7.239552550309322e-05,1.2353342675018613,138.8119812426039,0.018402087685017464,0.0006479641517809483,1.49267793049868,140.3919630107117,0.019079660701217607,0.0010615491464430486,150,0.0,172.01797,0.0,0.0,0.0,1.6714232,0.0,0.0,0,163.80098,0,0,0,174.6235,0,0
processed_data_batch_7.npz,150,1.4454575447971458,139.60527117525132,0.01882713445847587,0.003473083586526743,0.0344399661008822,0.2997533774357896,0.00013516697762298516,6.954102119876227e-05,1.3142402590924247,138.74618235443722,0.01854037405651854,0.003314699693396652,1.4960441654728083,140.41543137307153,0.019159220326309952,0.00364207252872466,150,1.4454605282196729,139.60491994558515,0.01882732819038036,0.0007903110107513247,0.034440612489334846,0.29941745334874753,0.00013500239095364425,6.740983520825057e-05,1.3142465177357583,138.7403224418067,0.018542649687835484,0.0006493204033409634,1.4960413873576182,140.4136690119924,0.01915797501359939,0.0010973739001491176,150,0.0,172.10579,0.0,0.0,0.0,1.5457067,0.0,0.0,0,166.44327,0,0,0,174.42303,0,0
processed_data_batch_8.npz,150,1.4552039937017172,139.49279623767117,0.01885108304851966,0.003478145910985623,0.028061030959565095,0.34835712464314683,0.0001641609916396721,6.41168180100806e-05,1.3551123429340297,138.7007071344622,0.018366244719045324,0.003319661101070403,1.4936394640722985,140.40147096671043,0.01924793020498188,0.0036685318117966746,150,1.455203327019142,139.49285838314856,0.018851081010646534,0.0007940764738428866,0.028064297227789334,0.3484267268714675,0.00016421662323253214,7.480084019361716e-05,1.3551101717718896,138.69942937611614,0.018363489577891145,0.0006417903964656495,1.4936295162446975,140.40838640186098,0.019247816550836124,0.0010503104467651336,150,0.0,172.33296,0.0,0.0,0.0,1.2215066,0.0,0.0,0,167.99861,0,0,0,174.73296,0,0
processed_data_batch_9.npz,150,1.4423527167140555,139.83938772985883,0.018779600397252127,0.00348997968031085,0.03955491004218796,0.259981204593538,0.0001416680181810817,6.600173747727561e-05,1.240212060044713,139.04729725257926,0.018435156305541406,0.0033427484999326855,1.4990578254855975,140.5055818249858,0.01912728910219279,0.003654662837077618,150,1.442356420073256,139.83893414627676,0.01877991378581204,0.000800862609835459,0.039557165496707965,0.2602687812979153,0.00014191243408111007,6.952304911123211e-05,1.2402162814289086,139.05276426560417,0.018438042787507214,0.0006004610977507602,1.499026875692262,140.50935674910352,0.019125234934151362,0.0009761054463205563,150,0.0,172.31123,0.0,0.0,0.0,1.761057,0.0,0.0,0,163.80011,0,0,0,175.14763,0,0
processed_data_batch_10.npz,150,1.43819568729488,139.59163037793294,0.018861798865139386,0.0034707115107264607,0.04138047707508471,0.3209175251257765,0.00017488550811522755,7.079196032553114e-05,1.264825761047033,138.83674822397103,0.018144043468123473,0.003328502325372612,1.4925484856325149,140.4621628590295,0.01926311503241218,0.0036551818794605334,150,1.4381958927491412,139.59154851795702,0.018861968045127627,0.0008111370536961311,0.04138341880613966,0.32073430539399234,0.00017483473871875477,7.281483282492533e-05,1.2648021717433846,138.8377787807346,0.01814750152544226,0.0006177551229099317,1.4925785494787676,140.46468342113548,0.019263185614497365,0.0010690537506557855,150,0.0,171.78235,0.0,0.0,0.0,1.8511075,0.0,0.0,0,164.56967,0,0,0,174.40648,0,0
processed_data_batch_11.npz,150,1.4411395083118954,139.4659025411446,0.01891065139267464,0.0035360234357791794,0.048855961464003686,1.0947715820336161,0.000395378859092427,0.0005403171092653117,1.101564981339,126.84348383378824,0.01738404487046002,0.003319431331759376,1.50448552730838,140.2980510525425,0.02255210052570672,0.009999703512649928,150,1.4411407300026795,139.46574232348357,0.01891067990174744,0.0008845162454902933,0.04884859518618195,1.0955994856774751,0.00039555465926062726,0.0007014854747948698,1.1016445948760043,126.8344310718899,0.01738409675485643,0.0006540850411161838,1.5044599430222918,140.30498717777647,0.022554381350693122,0.009090249494107925,150,0.0,171.76917,0.0,0.0,0.0,2.6120574,0.0,0.0,0,151.44838,0,0,0,174.66208,0,0
processed_data_batch_12.npz,150,1.4374617790138318,139.3016863031345,0.0187388345669203,0.0036944326789764433,0.04923238664585951,0.8462444828651073,0.0006747412018327749,0.0010983033851958872,1.1125549788857918,131.64674446896933,0.014666809744076489,0.0033229576907273283,1.4903179770221542,142.09715266513604,0.021164117407185788,0.014156518391904635,150,1.4374650189454499,139.30124712301986,0.018739204706085033,0.0011188699196081713,0.04923228125066242,0.8470939271863793,0.0006744815266468452,0.00142590333650313,1.1125364928708832,131.63465506438857,0.014669436494674752,0.0005993092387788732,1.490314196242854,142.09496556065494,0.021165569854455526,0.013442336712537922,150,0.0,171.22456,0.0,0.0,0.0,2.509993,0.0,0.0,0,156.96805,0,0,0,174.39221,0,0
processed_data_batch_13.npz,150,1.4421843324874972,138.759729109864,0.01886026753371952,0.003760556864990909,0.03611548934782355,2.188592860505856,0.0006874940756919675,0.0016574765363585357,1.2587289352770628,119.96723755449837,0.016403388227433237,0.0033105447113875412,1.5098672687633297,142.76093248786734,0.024056538291962658,0.018862533541997684,150,1.4421845767648063,138.75962038083816,0.018860457725261456,0.0011726427260852408,0.0361124084236526,2.1885278122170813,0.0006874551929327177,0.0019694543468319037,1.258773013285235,119.97563574748382,0.016405861667856014,0.0006433586700875782,1.5099792256091369,142.76615559316974,0.024060240872599954,0.0183311150858983,150,0.0,170.73317,0.0,0.0,0.0,2.877037,0.0,0.0,0,149.79523,0,0,0,176.50381,0,0
processed_data_batch_14.npz,150,1.436293263218887,138.27300918718072,0.018661674590342323,0.003767605715850998,0.04413393402333621,2.1173281552618475,0.0008346093354884062,0.0015274291020010461,1.197225875956357,128.6076668811209,0.010661084122446563,0.003316709209447969,1.4938374544873383,160.31328924807366,0.021458849497268846,0.018305344851190106,150,1.4362903270205012,138.2733354616165,0.01866146486002039,0.0012042770241587435,0.04413331536868279,2.1171780518067815,0.000834594898589953,0.001852406705375544,1.1971499624200759,128.60922589011105,0.010664413167017748,0.0006389672531436165,1.4938228561435454,160.30901320055838,0.021460968898784048,0.017770576237468163,150,0.0,169.38878,0.0,0.0,0.0,2.7085335,0.0,0.0,0,153.40967,0,0,0,187.82582,0,0
processed_data_batch_15.npz,150,1.4107453875346807,131.63058280082842,0.018984166930766218,0.0035939051506518964,0.03756407006742636,1.6113065622472698,0.000770420169233597,0.0013004386709613261,1.1837428873932805,112.68351164977669,0.015669471057001484,0.0032749464928662837,1.459714769961419,133.0616767906898,0.026629848041033594,0.019106527020143146,150,1.4107457758030195,131.63051704495848,0.018984259581580662,0.0009956572346520084,0.037571368995910265,1.6090489202286007,0.0007695663528447862,0.0015093138832153517,1.1836851682053322,112.70904905687131,0.015666303600936092,0.0006364734224026206,1.4597360804373416,133.05659086310953,0.026616523865577155,0.018649779267334566,150,0.0,158.2232,0.0,0.0,0.0,2.407044,0.0,0.0,0,133.6656,0,0,0,160.59198,0,0
processed_data_batch_16.npz,150,1.3267627961122683,112.5750687628448,0.019337280734733,0.003465455227196515,0.033908332143986086,0.8392309556973415,0.00033793343792086364,0.000795454585447092,1.1750056514216602,111.20011507827716,0.018058951985783007,0.0031866030644492893,1.3718127977875898,119.45633249690724,0.020620842911755408,0.010689063632217916,150,1.3267571537240015,112.5755123944859,0.019337199176683136,0.0009221966064817617,0.03390963240129832,0.838858413811732,0.0003379046423675023,0.0010289810914041694,1.1750271708736475,111.2019506266923,0.01805503510998974,0.0005787821321933519,1.3718288939717824,119.4571141971064,0.02062102647866667,0.010076766587997011,150,0.0,127.72116,0.0,0.0,0.0,1.2798276,0.0,0.0,0,124.884926,0,0,0,136.31964,0,0
processed_data_batch_17.npz,150,1.155231178406038,86.41898169615044,0.019821851463428037,0.003344096443459774,0.03341834717610017,1.3642514171311069,0.0004350300513284139,0.0012058568174677195,1.0197214737922133,72.73109538520616,0.019160762041015682,0.003020097542561837,1.2061004946469855,89.88691375352408,0.024067217128971505,0.016179772428348223,150,1.1552347769807219,86.41870216232175,0.019821899464040296,0.0008745065710407891,0.03341949249263784,1.3636367253329933,0.00043480267679213647,0.0014465539269574407,1.0197617088198445,72.74354822900156,0.019160942262141902,0.0005573893111445266,1.206095299491362,89.88743516306498,0.02406365368782308,0.015781403010923394,150,0.0,77.931335,0.0,0.0,0.0,2.574864,0.0,0.0,0,50.92911,0,0,0,84.12227,0,0
processed_data_batch_18.npz,150,1.0288698079075804,71.86841129721749,0.02046213986473457,0.0031341668981188426,0.024065290499816806,0.3760644465560189,0.00027071569385949616,0.0003125492449786594,0.9207790513327484,68.4925189848921,0.01974916810476762,0.0029712681066896653,1.0676758281089933,72.46951106756197,0.021238077497294783,0.006855035989653947,150,1.028868268154174,71.86845645722178,0.020462090065041273,0.0006903265236166789,0.02406484477140479,0.37639149076350403,0.00027066734630422476,0.0004362299699839976,0.9208009251089103,68.48611868275599,0.01974853456815461,0.0005278631154771774,1.0676441026654198,72.47027756785523,0.021239246417610696,0.005961893018093291,150,0.0,59.77944,0.0,0.0,0.0,1.1528687,0.0,0.0,0,53.54711,0,0,0,64.400154,0,0
processed_data_batch_19.npz,150,1.0622614773822467,75.56230889813975,0.02120738284678471,0.0031439273325804358,0.03496811185768155,0.5164314817833454,0.00021901788332478735,0.00023877648565432674,0.91476861248769,74.41200731013963,0.020227726196840858,0.003008743522565806,1.111345289883562,78.23043279456891,0.02162546445145736,0.005960110216452495,150,1.062265530308085,75.56194514944356,0.021207470006296414,0.0006877670783494806,0.03496919079552706,0.5154845717540479,0.0002186700549935685,0.0003237432000690119,0.9147528212543813,74.41682345958685,0.02023501611060736,0.0005653324265185079,1.1114129487648838,78.20531453249018,0.021626296210060722,0.004580617407659141,150,0.0,63.54881,0.0,0.0,0.0,1.2024677,0.0,0.0,0,61.065052,0,0,0,68.23726,0,0
processed_data_batch_20.npz,150,1.2317722778172546,96.4534845043666,0.0216161452356611,0.0032470876129251287,0.030162330864328374,1.0376923726802436,0.0001361841784165453,6.079831004416754e-05,1.0879117444728694,93.79132061968313,0.021190709343888742,0.0030838257486395892,1.2746030510941773,98.33981513693135,0.021950145081140182,0.003382637470192166,150,1.2317773937006893,96.45306478703804,0.02161629309725538,0.0007028833988492534,0.03016368980489869,1.0382688553533646,0.00013593669589623953,6.077727955843998e-05,1.0879356111356404,93.78937033094483,0.02119130419342606,0.0005785314677622744,1.2745373549460957,98.33846060910658,0.021950471746139434,0.000987302155631198,150,0.0,93.65,0.0,0.0,0.0,1.7685883,0.0,0.0,0,89.089645,0,0,0,96.64328,0,0
processed_data_batch_21.npz,150,1.3757636667859023,122.61554260084912,0.022041959247379617,0.0033926548595778925,0.037744134783521635,0.8458182683844182,0.0001552916804865855,6.010995745758005e-05,1.1970296953335524,120.27315913873922,0.021726064177636357,0.0032548002184733887,1.4245506726357682,123.94084478740274,0.022418985019915016,0.0035402360176072984,150,1.3757678790294836,122.61513042715897,0.02204218100129702,0.0007687417507742867,0.03774850177019043,0.8459635755316905,0.00015566524819119945,6.466830789584246e-05,1.1970029361797931,120.27034077483634,0.021724752078019244,0.0006365693303816954,1.4245324854015948,123.94413585416433,0.022419957577276217,0.000988493590222774,150,0.0,143.70995,0.0,0.0,0.0,1.487174,0.0,0.0,0,139.22972,0,0,0,146.7417,0,0
processed_data_batch_22.npz,150,1.4307294628842457,135.8664208655227,0.022247158091697816,0.003463588289632874,0.053657490303693815,0.40831064182351745,0.00016088891512455153,6.605610849791879e-05,0.961485451050282,134.75646123743954,0.02180969097557381,0.003264480687550043,1.4831187520078128,136.5890711970134,0.022628718482939115,0.0036113836802061515,150,1.430733301663769,135.86603578609234,0.02224728298078439,0.0007849630655763121,0.053658566228523843,0.4081777290177176,0.00016064300713662275,7.250283884105759e-05,0.9614553401680913,134.75930897082097,0.021812467648257016,0.0006370903589784931,1.4830834287760601,136.58804069637944,0.02262525821910115,0.000976775817528529,150,0.0,166.43156,0.0,0.0,0.0,2.1876287,0.0,0.0,0,149.03938,0,0,0,169.27837,0,0
processed_data_batch_23.npz,150,1.4377960646286496,138.97517187347097,0.02240633232483663,0.003470478001863787,0.0571596809357075,0.3353840749197391,0.00014298192404212155,6.856725193293566e-05,1.1015789775995046,138.06102564570924,0.022042152721557934,0.003299148024128678,1.4948725066538815,139.80501844097063,0.022745984809852668,0.0036818490960800784,150,1.437798308388393,138.97491665822545,0.022406450127700685,0.0008029619292461359,0.05716033227614589,0.33487705524596045,0.0001424787256103975,7.497922264895025e-05,1.1015758110188434,138.05766207668245,0.022037908489226782,0.0006149570070106031,1.4948712144710794,139.80881153246412,0.02274918272910545,0.0010959041820491728,150,0.0,171.80301,0.0,0.0,0.0,2.4612303,0.0,0.0,0,157.22208,0,0,0,174.96805,0,0
processed_data_batch_24.npz,150,1.4331288023244133,139.26921091752737,0.02255516722836704,0.00346791726933125,0.05650068388270701,0.347597570621,0.0001686703148642803,6.690444908061427e-05,1.188046551481688,138.22103876354947,0.022186691795991642,0.0032918021045532757,1.4947452968582178,140.04930616143085,0.022963895141091484,0.0036424183332240106,150,1.4331349902476513,139.2685439577751,0.02255545927336263,0.0007947483813148347,0.056500942390949,0.34793941272588846,0.0001688373015787293,7.132662986860787e-05,1.1880764882888832,138.2173808308987,0.02218621328917125,0.0006500014507172243,1.4947769419167007,140.05309654678578,0.022966049310459757,0.0009996537776781522,150,0.0,172.14621,0.0,0.0,0.0,2.3800867,0.0,0.0,0,161.5027,0,0,0,175.35849,0,0
processed_data_batch_25.npz,150,1.4451483496879973,139.36827517490923,0.022644744360318315,0.003637734469351648,0.053637378642384125,1.555874377621012,0.0006577002811949552,0.0010416956931499832,1.0359981560967926,130.18339562815012,0.016412939111185902,0.0033462862353872565,1.5010731322488835,155.30684306395156,0.024902796858815288,0.01290922944498252,150,1.4451440085011362,139.36868911437813,0.022644583279276473,0.001018417024698714,0.05363379887565297,1.5551785213929223,0.0006573013489517535,0.001309116161909591,1.0360546063579998,130.18471689311656,0.01641943379083931,0.0006483583595023161,1.5010563441190365,155.29741014145085,0.024906083265579734,0.012035469002013369,150,0.0,172.84279,0.0,0.0,0.0,2.9225698,0.0,0.0,0,155.478,0,0,0,191.19989,0,0
processed_data_batch_26.npz,150,1.451041058879535,139.4772279511554,0.02278974844965861,0.0035062691317451996,0.04684448269488159,0.40862029583648146,0.00019574430940635533,0.00013386234844498023,1.077743127344529,138.19080007377542,0.022169009374728023,0.0033652706246552755,1.5052503116397042,141.53987128081596,0.02420054922740997,0.004929944155946815,150,1.4510451997889122,139.47682206187838,0.02278989330067835,0.0008340635772957557,0.04684951881168982,0.4092188307756953,0.00019593847490071675,0.00020895779527927056,1.0777486464003834,138.1900349611281,0.022167217411873733,0.0006351563518609222,1.5052020500598347,141.54773152768735,0.024201065071991778,0.00309063049124079,150,0.0,173.3513,0.0,0.0,0.0,2.113285,0.0,0.0,0,156.33957,0,0,0,175.86739,0,0
processed_data_batch_27.npz,150,1.4528018930665234,139.3606202251233,0.02287233963956218,0.0034949531672005,0.039436131857211516,0.32327149951810796,0.00015682305699027375,5.9542343007964365e-05,1.2608910575010177,138.5942351533625,0.022480988865644386,0.0033424242099165022,1.507537685453224,140.14589881601265,0.023284436238481775,0.0036525100879080635,150,1.4528004375015733,139.36074867898336,0.022872303198286942,0.0008037554138369746,0.0394327993556395,0.3234563257354387,0.00015690625737528664,7.267577080579893e-05,1.2609392058413191,138.59105729963173,0.022480601836372186,0.0006181092568737869,1.5075187243389117,140.14233594935993,0.023288125504897422,0.001119195604188335,150,0.0,173.22917,0.0,0.0,0.0,1.7535834,0.0,0.0,0,165.09439,0,0,0,176.37335,0,0
processed_data_batch_28.npz,150,1.455217762120542,139.52374377621445,0.022919800126892906,0.003485055405515108,0.028661970755212453,0.3386962774809674,0.00015421293739011717,6.36865827050915e-05,1.3580640803981798,138.6473815516865,0.022500564798817672,0.0033318183695608566,1.5085573277942204,140.38966944415586,0.02324698620201098,0.0036388471155189487,150,1.4552210707740998,139.52341609383853,0.02291986336353279,0.0008014648732629179,0.0286607793086374,0.3388937154521112,0.00015453066766614527,6.217069450857891e-05,1.3581041246706136,138.64673963481243,0.022498321033409676,0.0006463825745763453,1.508609637469903,140.38847015743963,0.023246285223806906,0.0009779569160481118,150,0.0,173.60788,0.0,0.0,0.0,1.3680483,0.0,0.0,0,168.85817,0,0,0,176.18991,0,0
processed_data_batch_29.npz,150,1.4303639701152684,139.53376750488198,0.022971022444988935,0.0034742877999486316,0.06836934655619453,0.30005429653833865,0.00015485026118584405,6.476003969012305e-05,1.0301305137603163,138.75859805961855,0.02265787475529433,0.0032935106625685147,1.4932298944219509,140.33070228595088,0.023416416060132193,0.003635816332387164,150,1.4303656384935088,139.53358687848677,0.022971108176871927,0.0007860559418609341,0.06836953800257899,0.3000453146824624,0.00015484212218915252,6.917321640337693e-05,1.0301538245605557,138.75907380232672,0.02266126858140494,0.0006485270185890832,1.4932219647964933,140.3364378011615,0.02341333657919884,0.001003538072263809,150,0.0,172.6189,0.0,0.0,0.0,2.9517272,0.0,0.0,0,156.13121,0,0,0,175.79382,0,0
processed_data_batch_30.npz,150,1.4450859757912065,139.5316948762361,0.023075400531845886,0.00358481266721349,0.05207435598645796,1.0182057224475871,0.00042041848719246724,0.0006865950459792211,1.1546542703756577,138.50383012283055,0.021129084233485793,0.0033127536670528447,1.5061947295643672,151.00087024443366,0.0268576453253131,0.010559585390963409,150,1.4450845556848106,139.53194868849306,0.02307521357457728,0.0009401287537687869,0.05208580498708533,1.018320403704247,0.0004206332153433108,0.0009260806857921165,1.1544171803720535,138.50163709279738,0.021125739363522907,0.0006168054544725121,1.5061923426658534,151.00536159382688,0.026859760212050353,0.009839435896090704,150,0.0,173.20645,0.0,0.0,0.0,2.1057103,0.0,0.0,0,161.5207,0,0,0,178.8458,0,0
processed_data_batch_31.npz,150,1.4499126725379319,139.33525711351425,0.02309649994571067,0.0035452929852596827,0.03515295421771889,1.1801715950770924,0.0004060446270582863,0.0005983478429220737,1.313866394719117,125.72552492626836,0.022598761503690924,0.003305743529972821,1.5030740856433191,140.44515438637092,0.02753239210513862,0.010775870107901122,150,1.4499106094983043,139.33548072501168,0.023096385596176987,0.0008623888862354917,0.03515398399352319,1.1797899384753103,0.0004056945270165383,0.0007478408484817796,1.313870217313021,125.73007326216329,0.022600949788833157,0.0006397983498945815,1.5030927397804794,140.44475594050354,0.027529246709509327,0.009916766493811666,150,0.0,173.19391,0.0,0.0,0.0,2.1080463,0.0,0.0,0,156.03992,0,0,0,175.93623,0,0
processed_data_batch_32.npz,150,1.4501583413894121,139.4807940949098,0.02311473946937651,0.003489052198082813,0.0387760023477262,0.3502155303999218,0.00015711092956686886,6.76538627941162e-05,1.302953822857202,138.66479722772635,0.02271940682932075,0.0033372717721256427,1.4963981765079208,140.26390971145636,0.02352361567398822,0.0036455352305859267,150,1.4501589592190134,139.48076674202218,0.023114661143743376,0.0008027097876563109,0.038775389805286796,0.3508039789474676,0.00015732098048398276,6.62321203000992e-05,1.3029554226171154,138.6650223431626,0.02272046382317603,0.0005568599190094554,1.4963427083511136,140.26188678431038,0.023523962755424982,0.0009713638251030585,150,0.0,173.38574,0.0,0.0,0.0,1.7161648,0.0,0.0,0,167.25801,0,0,0,176.12924,0,0
processed_data_batch_33.npz,150,1.450352745418027,139.47237229603246,0.02311689306106096,0.003481897620493511,0.04777348675388557,0.29814023144048957,0.00015527401515148212,6.767118197046627e-05,1.2078914061530739,138.80124244452307,0.022720613487209836,0.003324674059365154,1.5065804019337763,140.18883898554745,0.023511012874791678,0.0036624160755196872,150,1.450355867785992,139.47199057169652,0.023117172587518386,0.0008019830100849118,0.047774635978941174,0.29834901176450546,0.00015532578479332448,7.643187965146093e-05,1.2078328463174686,138.7979244391475,0.0227203016368248,0.000646781201083599,1.5065509782078734,140.1930212525883,0.023508314625037736,0.001155839835013816,150,0.0,173.39357,0.0,0.0,0.0,2.062203,0.0,0.0,0,163.11792,0,0,0,176.1145,0,0
processed_data_batch_34.npz,150,1.4505046357979563,139.53347300984626,0.02308430785762006,0.003536601693720744,0.042764273514925094,1.0174231343684268,0.0004306748419366956,0.0005616722855524036,1.2858691806212796,138.57156255248975,0.018846968992266972,0.00328470382447601,1.5067728714467348,151.23939360841334,0.02525123448829834,0.010244119332691025,150,1.4505090401543215,139.53301844295342,0.023084450200678865,0.000882386082642449,0.042764548414265954,1.0167346165662132,0.0004306970876216694,0.000719239768213331,1.2859386869267002,138.5764489218525,0.018850629463560514,0.0006417031992665865,1.5068076954524696,151.23024844479104,0.02525396981613917,0.009348663222372275,150,0.0,173.4175,0.0,0.0,0.0,1.8885579,0.0,0.0,0,166.31778,0,0,0,177.36792,0,0
processed_data_batch_35.npz,150,1.444350016111219,139.4034197764386,0.023112893123217824,0.003495384715615796,0.04688567907893969,0.364709409849477,0.00017259411646939127,6.868866956699366e-05,1.2461278179512811,138.37767845934505,0.022653664462080052,0.0033222042991392278,1.501857292068797,140.39298585933858,0.023490735954111136,0.00368180794534198,150,1.4443557606761157,139.4027459170817,0.02311334460336316,0.0007979766191800207,0.046889485527459425,0.3650337507831332,0.00017263520208260526,7.912223577209376e-05,1.2461164843700758,138.37655400657923,0.022653151409492294,0.0006675536053101657,1.5018959014941033,140.3932905092735,0.023489343952263927,0.0010649579084702138,150,0.0,172.97672,0.0,0.0,0.0,2.042975,0.0,0.0,0,164.28886,0,0,0,175.9207,0,0
processed_data_batch_36.npz,150,1.4485099939487076,139.36676100696394,0.02308353945032029,0.0034837949223751868,0.0496839377723597,0.339695427159924,0.00014302736578416175,6.96811715537243e-05,1.1124124879094317,138.391811281971,0.022700993242530217,0.003301565056058524,1.5057636358522155,140.1837295563464,0.023437105817786786,0.0036580151122526713,150,1.4485093808086196,139.36676413607526,0.023083667291505846,0.0007886930003654113,0.049684970527182466,0.33953998071672314,0.0001430556103375621,7.344780890761964e-05,1.1123771727288745,138.3809110624595,0.022704165130821637,0.0006368256531590676,1.5057828347654763,140.18425163559525,0.02343834478857468,0.0010020814202148561,150,0.0,173.14189,0.0,0.0,0.0,2.2027042,0.0,0.0,0,158.58032,0,0,0,175.95584,0,0
processed_data_batch_37.npz,150,1.4505054508937898,139.36082036376538,0.02313023765159491,0.0036107938419285015,0.03900226474994195,1.063895799332757,0.0004123009759266684,0.0008224305283616155,1.238810755287019,130.73016838419872,0.020825006286102694,0.0033226441864150063,1.4981293020190432,148.095058091684,0.025876089022298338,0.01075922587734563,150,1.4505124651448715,139.36003236849427,0.023130664064780024,0.0009607613831481864,0.039002061167851855,1.0637460815940274,0.0004124640463870104,0.0010577424195885707,1.2388132460307029,130.734401564154,0.0208201608950671,0.0006429492553891387,1.498128501791522,148.09260433289043,0.025873459652036305,0.010083505594383792,150,0.0,173.22107,0.0,0.0,0.0,2.121295,0.0,0.0,0,161.33038,0,0,0,183.47334,0,0
processed_data_batch_38.npz,150,1.4543954337171143,139.249411434708,0.023052088984897447,0.0035423368450950205,0.03559857207817641,0.9285711083814586,0.0001865827846131955,0.0006493788148587966,1.3282634833340405,128.84539741185873,0.02216433604611316,0.0033011815388163876,1.5023019348495485,140.34405404120585,0.024041443586298734,0.011402464119861781,150,1.4544007034043736,139.2488357365269,0.02305239121799274,0.0008805812347937432,0.03560096169662322,0.9283403415789954,0.00018658159390189176,0.0007996632582144418,1.328259320326643,128.84686378383802,0.022163496799097775,0.0006532384965310261,1.5023575789292603,140.3429624860856,0.024040933255046564,0.01056060460445454,150,0.0,173.18451,0.0,0.0,0.0,2.1056056,0.0,0.0,0,156.10902,0,0,0,176.342,0,0
processed_data_batch_39.npz,150,1.457149118852636,139.25994520686461,0.023128182931771553,0.003480212117092513,0.03758410161096764,0.3303398759596214,0.0001608577785346525,7.380644531205294e-05,1.2709099113840117,138.64479671151852,0.022690915937854925,0.0032975075691756505,1.504237028687024,140.05853982009944,0.023517064760413164,0.0036714130545957616,150,1.4571532927862236,139.2595226899419,0.023128305986813404,0.0007974579265161904,0.037578880019400886,0.33058559703858714,0.0001607207819402309,7.571248669424321e-05,1.2709119735823275,138.637344003611,0.02269407597485506,0.0006340519625060883,1.504255620685126,140.0596492737679,0.02352205332409182,0.0010311303056436626,150,0.0,173.3366,0.0,0.0,0.0,1.6635702,0.0,0.0,0,165.68312,0,0,0,176.15683,0,0
processed_data_batch_40.npz,150,1.44435941542463,139.13475260050782,0.023174217282081428,0.003623225066385897,0.060325719374742695,1.6914590988344052,0.0005539957336568767,0.0009973312639698934,1.0768944084970604,121.14986371793526,0.02235991156846355,0.0032722841164951094,1.4956618392898275,147.62539827290607,0.029119808805518066,0.013329250101097593,150,1.4443651597228941,139.13409547230793,0.023174656304159953,0.0009806524212311513,0.06032687406388507,1.6921891074804838,0.000553822024754192,0.0012381613557093528,1.0768903070703786,121.14851432269388,0.02235950338026898,0.0006397670652646422,1.4956392544456474,147.64113633551617,0.029120543157349014,0.012701457974197519,150,0.0,172.61163,0.0,0.0,0.0,2.986615,0.0,0.0,0,151.1563,0,0,0,176.01462,0,0
processed_data_batch_41.npz,150,1.452807906110495,139.1295133130218,0.023145806903663985,0.0035219888984337686,0.03236439104949568,0.37433405946421544,0.00040648349145236753,0.00023104900815331642,1.3079447689461319,138.21866013684328,0.021762186904349768,0.0033347568064330847,1.5108919050543603,140.07637796786543,0.027569523429975793,0.006197555571308013,150,1.4528084399700651,139.12946222159508,0.023145828718928403,0.0008362236760549897,0.03236859780862774,0.37455736203282963,0.0004066066745504704,0.0003653884193025927,1.3079453073882943,138.21553995442116,0.021762548856600967,0.0006171283895375709,1.5109148848439249,140.07805369850712,0.027570525998410235,0.0050750160971507864,150,0.0,172.99045,0.0,0.0,0.0,1.4881514,0.0,0.0,0,165.94638,0,0,0,175.8341,0,0
processed_data_batch_42.npz,150,1.4373924355887682,139.0298737089105,0.023136144809025604,0.003480737449204295,0.07157593623918719,0.3413350065926265,0.00014734088426281703,6.940409517768237e-05,1.0819447058919114,138.07187047785635,0.02282418988194383,0.003286012627109755,1.506449147075794,139.81580247533336,0.023596807163867937,0.003712161634428225,150,1.4373953518495197,139.02956708445262,0.023136247844803674,0.0007937141391976774,0.07157606346046322,0.3417216772154627,0.00014752570681799394,7.75318303034885e-05,1.0819788185398036,138.0757451339961,0.022828258296047812,0.0006361950551134162,1.5064549975975547,139.81905455030358,0.023593903783559474,0.001155794006506334,150,0.0,172.09102,0.0,0.0,0.0,3.0529299,0.0,0.0,0,156.96338,0,0,0,175.95781,0,0
processed_data_batch_43.npz,150,1.4466733384260153,139.06220241203525,0.02309575596582893,0.0035899357518493105,0.04747873346835874,1.4160639100855037,0.00048513868891614356,0.0008874508567262934,1.207489559652854,138.2206367640165,0.01829596003135169,0.0033413461790480496,1.5054651131344874,155.83779697303396,0.02429542585071822,0.01385190994113201,150,1.4466734194601087,139.06215698602543,0.023095827472488634,0.0009410907485410835,0.04747865171360443,1.415746942378468,0.00048498623241570194,0.0010902793291110127,1.207467853577102,138.22377517101225,0.01829842727943126,0.0006067324163965431,1.505430734977092,155.83444085429494,0.0242958206626882,0.013259141357226608,150,0.0,172.48198,0.0,0.0,0.0,2.2699935,0.0,0.0,0,162.40758,0,0,0,185.43845,0,0
processed_data_batch_44.npz,150,1.4526592340893287,138.66709956729747,0.023164490174887937,0.0035037489273814677,0.03814989917619153,0.3452545422113133,0.00019005102985562822,0.00011078519342349841,1.222882438870687,137.84186688347964,0.02220992010753116,0.003322356157527577,1.5074644688310823,139.4710490586978,0.02423990877290798,0.004550210756399678,150,1.4526625176940617,138.6667688842644,0.02316461241574682,0.0008216933247324252,0.03815158122492067,0.34508124510321797,0.000189942603514163,0.00018653038304584463,1.2228705414545344,137.84813656130333,0.02221068320215092,0.00066067009291109,1.5074449215951882,139.47406254298414,0.02423777973812733,0.002858742248111092,150,0.0,172.12917,0.0,0.0,0.0,1.669616,0.0,0.0,0,162.00293,0,0,0,174.49464,0,0
processed_data_batch_45.npz,150,1.4481843201330877,138.45097164108466,0.023123699966368143,0.003488118045478205,0.0343668827779769,0.3246991779178964,0.00014952717470026168,7.050239963872157e-05,1.30959833707843,137.4868977849456,0.02277826684837147,0.003314288884460648,1.4906451575754522,139.2010738620281,0.02351738509921957,0.0036802054787226776,150,1.4481851748987666,138.4508446941478,0.023123810534127546,0.0007945920151108768,0.034367506236887904,0.3253772221895344,0.00014966464231199383,7.76442548659952e-05,1.3096226012465146,137.4879690678183,0.022776978248673387,0.0006551825811671293,1.4907328008212257,139.20318350061245,0.02351792482451321,0.001092734408970349,150,0.0,171.59718,0.0,0.0,0.0,1.499114,0.0,0.0,0,165.7764,0,0,0,174.47815,0,0
processed_data_batch_46.npz,150,1.4351221577134308,137.74779661715098,0.023205911543454586,0.0035722642687129186,0.056086482698039446,0.903718391275784,0.0005038151733217543,0.0006813935612433438,1.0639259194189243,127.55565944160847,0.022047346705673605,0.0033524330745863733,1.4990426856915267,138.60799110909178,0.028112287972793942,0.011539275453963063,150,1.4351273068213626,137.74721218858025,0.023206199289045173,0.0008948171639250701,0.056081991936868296,0.9015808010023804,0.0005026279391255799,0.0008400200467111248,1.063950788085718,127.58273547497029,0.022048719442846625,0.00061674759861974,1.4990362212242379,138.59111665695636,0.028097583995965677,0.010524438433971293,150,0.0,169.9575,0.0,0.0,0.0,2.3891332,0.0,0.0,0,155.33617,0,0,0,173.13803,0,0
processed_data_batch_47.npz,150,1.431056321293302,135.78657994260186,0.023224353831252077,0.003474118473181577,0.05667144392953941,0.4104883871508531,0.00017018613309346324,7.744565001948531e-05,0.9672325132655911,134.71217296550472,0.022849245405286926,0.0032928459473851937,1.4950922725858138,136.90858504416238,0.024345645503573612,0.0037142719072741984,150,1.431059686987666,135.7862270501822,0.023224548478315267,0.0007917258731937335,0.05667601804831201,0.41074307032171636,0.00017032859839433376,9.245369838425148e-05,0.9672205916155705,134.7091954482213,0.022851228293364393,0.000590365510542944,1.4951218022836088,136.90894000750578,0.02434514644045068,0.0014473274433404286,150,0.0,166.54825,0.0,0.0,0.0,2.2280636,0.0,0.0,0,148.19928,0,0,0,169.71503,0,0
processed_data_batch_48.npz,150,1.3642229620206858,121.67148124937019,0.02316684842428517,0.0033917257333464794,0.05294098544896225,1.9660358117299412,0.00014079716655241166,6.849238509616262e-05,1.1721958848566494,118.81334315807773,0.02283480605721162,0.0032002031760973424,1.4293067154206114,125.96479163583568,0.023581484115298798,0.0035748420833291252,150,1.364220206627273,121.67170858538542,0.02316678108456998,0.0007626306888858105,0.052941445010893796,1.9656449738757829,0.00014121956036359468,7.2796762500694e-05,1.1721866219583954,118.80850845816344,0.022830925061455263,0.0006161668589617077,1.429343934843113,125.96840637110769,0.023579848450717873,0.0010373437492754995,150,0.0,142.12146,0.0,0.0,0.0,3.356469,0.0,0.0,0,135.11401,0,0,0,149.70554,0,0
processed_data_batch_49.npz,150,0.9957509749802337,68.85908609137174,0.02312840752703678,0.00310577994288401,0.04812626561101564,3.7743812960689462,0.00010053557136492265,0.00012272874551732112,0.8063577041427866,63.35971260444784,0.022534585327876253,0.0029771895553142727,1.1160408308264582,77.67454599460366,0.023374763685011294,0.004393926492622065,150,0.9957540072936448,68.85881013008911,0.023128518109633324,0.0006633460556027163,0.04812007771050152,3.7747108209855385,0.00010075035271365887,0.00014512283160240827,0.8063691393100823,63.35983619221731,0.022529303763935336,0.0005253304054601238,1.116005483765136,77.67350993378658,0.023376277438343918,0.002324535301388006,150,0.0,56.124454,0.0,0.0,0.0,4.025218,0.0,0.0,0,49.983295,0,0,0,67.221985,0,0
processed_data_batch_50.npz,150,0.2991968178439789,26.257098491723134,0.023028220585368523,0.002902577280154575,0.03665470129337064,1.5159352793484322,6.305687451325143e-05,6.141329606727018e-05,0.2251128686772819,24.082573072923378,0.022847511167239067,0.0027942569332943235,0.393925056162478,29.96845235385495,0.02326261539151936,0.003021221644100287,150,0.29919725871905894,26.25555878874314,0.02302827841027949,0.0005582196462226546,0.03664118653325542,1.5165509513465865,6.305616355726177e-05,3.371785701676598e-05,0.22514736043349057,24.079338054188135,0.022846071026249803,0.00048171798651182286,0.39386156090642876,29.970361165762633,0.023262378236883707,0.0006328077318441193,150,0.0,16.262257,0.0,0.0,0.0,3.5743716,0.0,0.0,0,10.212097,0,0,0,23.834984,0,0
processed_data_batch_51.npz,150,0.04759330009679095,13.779246247517362,0.02302371167522751,0.0028729953172148865,0.005443709879066191,0.47991911174184837,6.415930489922136e-05,5.880310788215638e-05,0.03359801827625357,12.609357885132033,0.022824062883610875,0.0027648821124808967,0.06313219826633994,15.218631550921563,0.023185161476169985,0.0030007687180240374,150,0.04759801707593921,13.768185180398298,0.02302390664274546,0.0005452692684885411,0.0054455940738252695,0.4803204691838472,6.427000159699903e-05,2.8864069462723517e-05,0.033579634318298544,12.60721872642787,0.02282442261684676,0.00046252250843978955,0.06315906621099396,15.21146545186213,0.023185621576507075,0.0006241748421491151,150,0.0,-19.44524,0.0,0.0,0.0,2.5745344,0.0,0.0,0,-24.896019,0,0,0,-8.122681,0,0
processed_data_batch_52.npz,150,0.044307558640252015,13.583951079861235,0.023052118237660787,0.0028894512702844787,0.004734603193502184,0.44873653941397684,6.956262548395385e-05,6.067875268200012e-05,0.029348602735599087,12.606415400821637,0.022899396751274267,0.0027804582960232966,0.05411012377332505,14.64815207233005,0.023200603438347633,0.003021559575865567,150,0.044313980781865873,13.574479861911266,0.02305216905674546,0.0005513755365319219,0.004737016082334535,0.4494763323188887,6.963905332332124e-05,3.565900923111676e-05,0.02934923235210671,12.595895467235364,0.022898854275753094,0.00045694223450934,0.05410038122629959,14.660926878439044,0.023200559508968415,0.000696183543301944,150,0.0,-18.163269,0.0,0.0,0.0,3.1379175,0.0,0.0,0,-22.84388,0,0,0,-6.354164,0,0
processed_data_batch_53.npz,150,0.26392755794516964,24.836686324211417,0.023061356841615456,0.002901511646079115,0.036210367646583315,1.4549935997781296,6.786152932669105e-05,6.191564895584253e-05,0.1818932274370972,21.512433220289893,0.022880801752038736,0.0027967628585982575,0.32038849951894377,27.070916957404812,0.023275163204275556,0.0031249817590483973,150,0.263927389767064,24.834682352413136,0.023061480684008553,0.000559751324223489,0.036206462948897816,1.4554627452173121,6.782887218101372e-05,4.4951634682900376e-05,0.18182945674684883,21.51090018743685,0.022881350223513612,0.00045349757746591067,0.32035198128745984,27.068552814999556,0.02327572175155987,0.0008758407566674089,150,0.0,12.409687,0.0,0.0,0.0,4.3611617,0.0,0.0,0,-1.5931587,0,0,0,18.927017,0,0
processed_data_batch_54.npz,150,0.9587350094132224,66.03763072989794,0.023157164215283153,0.003119329812786929,0.05413810127098652,3.837078912198194,0.00013415293283734335,0.0002484682656636751,0.7747819812983012,57.577425406864904,0.02293177636882532,0.002970442615565051,1.0469609489226082,71.65367865821463,0.02429614200157144,0.006015203251346382,150,0.9587304838498619,66.03777113296584,0.023157128186085233,0.0006761027212288111,0.054135208909597,3.8371264013453747,0.0001342258545506545,0.0003570127967763469,0.7748682363607297,57.5737909269647,0.02293179524008759,0.0005546608934285014,1.0469824326131456,71.65636892415733,0.02429698119912276,0.004980852496920551,150,0.0,52.944653,0.0,0.0,0.0,4.8978896,0.0,0.0,0,40.940765,0,0,0,66.42625,0,0
processed_data_batch_55.npz,150,1.3591012550866548,120.56287959321052,0.0232952396072196,0.0033799272500938562,0.050034615446842075,2.4240937433631116,0.0001679183512052695,7.016116090552237e-05,1.0679342386669664,114.80819925196947,0.02281910572240147,0.0032283666627657384,1.4258618628915563,124.35546650775021,0.023745068799984205,0.0035756954753595215,150,1.3591009123547615,120.56291883877772,0.023295234370195258,0.0007673828710517409,0.050036324686935786,2.4243722304775024,0.00016784272770322198,7.130224201108216e-05,1.0679373628916116,114.80946643981619,0.02281687185536336,0.000601668881632247,1.4258879927403694,124.35405275654236,0.023748967763800796,0.0010541658681238783,150,0.0,140.35242,0.0,0.0,0.0,4.046784,0.0,0.0,0,131.10919,0,0,0,147.35251,0,0
processed_data_batch_56.npz,150,1.4289228744007032,135.83292905497652,0.023258717602213513,0.0035212511814491313,0.04765164388329899,0.49589243769268704,0.00022134520726976796,0.00032548345137837175,1.217935995257362,134.66801015062862,0.021971156696030558,0.0032915558432257282,1.5565989480728446,138.69212770427922,0.02461205368228852,0.0065098705110488864,150,1.428922321490736,135.83299003249536,0.023258818135380263,0.0008480335855922248,0.047670333305598146,0.4972334276814929,0.00022196791345626129,0.00044342576146905985,1.217927822155571,134.66245662276478,0.02195501257357835,0.0006268607649841825,1.556920801182565,138.7293177598579,0.024618173632657708,0.005088614821935053,150,0.0,166.61386,0.0,0.0,0.0,1.8849667,0.0,0.0,0,157.93126,0,0,0,171.59729,0,0
processed_data_batch_57.npz,150,1.4183591477996818,137.84881210745482,0.02328244541706754,0.003479819601746823,0.06428767748044902,0.33492360041313046,0.00015791612047995758,7.122983807698291e-05,1.0919634364280102,136.9389970925734,0.02291757377103672,0.003339595051101915,1.4883202959048307,138.61600780932747,0.023769011324518762,0.0036905257641260897,150,1.4183647409009617,137.84816627134876,0.023282842434905936,0.0007982206410085273,0.06429005001322148,0.33507607734763684,0.00015777280677519622,7.25407709162416e-05,1.0919446440024096,136.93357895102275,0.02291902698382253,0.0006599906559165531,1.4883064947661586,138.6167833796591,0.023769187987810952,0.0009879790095130654,150,0.0,169.43385,0.0,0.0,0.0,2.6965842,0.0,0.0,0,156.3151,0,0,0,173.10666,0,0
processed_data_batch_58.npz,150,1.4314315551976067,138.41478436061442,0.023310900855897727,0.0034858069711616283,0.057456311819865144,0.36567591238537606,0.0002177356089321887,7.361225891979917e-05,1.093589759283379,137.48395942938487,0.022872480499484874,0.003322572922455905,1.4953065814189772,139.24414440940467,0.024980478208885538,0.003834478552548206,150,1.431436115856315,138.4142840331959,0.023311169385713863,0.0008037203681440097,0.05746065661433572,0.36541530034819925,0.00021804141821613607,0.00011490663433938858,1.0935863319744321,137.4793663425143,0.022868367758118076,0.0006191046932253136,1.495326980518066,139.24414895025436,0.024979904275309536,0.0018161972124129966,150,0.0,170.90404,0.0,0.0,0.0,2.4592047,0.0,0.0,0,157.26419,0,0,0,174.20534,0,0
processed_data_batch_59.npz,150,1.4377841338811743,138.77395249308844,0.0232407085657564,0.0034962803038924035,0.04611175835113615,0.3234993859910179,0.00014671885670545457,6.412393663639786e-05,1.0894201801283785,137.94395608845235,0.022926486108641474,0.00324638845459429,1.4870369397140393,139.52833826913246,0.023657170140875473,0.0036381394163382728,150,1.437786858342263,138.77370480543385,0.023240724749496313,0.000798126876254672,0.04611174187402936,0.32340130437004255,0.00014706950001902325,6.705927892942911e-05,1.089404033937902,137.9399948165884,0.02292402938657792,0.0006595487099341668,1.4870771025343175,139.53019786256513,0.02366026437567121,0.000984598605130266,150,0.0,171.71382,0.0,0.0,0.0,2.031513,0.0,0.0,0,157.22232,0,0,0,175.00374,0,0
processed_data_batch_60.npz,150,1.4373862625272398,138.94773296935776,0.023298051407391527,0.0035794650380923856,0.062089041150251746,0.4859542435914602,0.0005172638197406749,0.000673117611874098,1.042118507453584,137.73501020308728,0.022690391054158644,0.003226564719226058,1.584827544547916,142.44921767571591,0.027379570281739096,0.010310444934481489,150,1.437389245844873,138.94737202137972,0.023298276193764008,0.0009222054431884538,0.062086390151360665,0.485752802396926,0.0005173958483152117,0.0009106903777957268,1.042141524900915,137.74217910925094,0.022693603089407495,0.0006393490268992806,1.5847690400034335,142.44553482048119,0.027383165906234474,0.009648584700218286,150,0.0,172.05624,0.0,0.0,0.0,2.7010653,0.0,0.0,0,155.31,0,0,0,180.26906,0,0
processed_data_batch_61.npz,150,1.4359485515018577,139.17292975454964,0.02323977984427459,0.0034923876832640695,0.05526529309418537,0.3536682545850613,0.0001545947400282958,7.080741335696303e-05,1.0647339578513477,138.17374794197954,0.022925292874408663,0.0032949988379408395,1.4928850640384952,139.9644195671899,0.02366583007587768,0.0036648701925493625,150,1.4359482001684494,139.17300296649665,0.023239683535173028,0.0007917366972086965,0.05526771493708667,0.3533799925167508,0.0001543510030270898,6.134560747283289e-05,1.0647197917663183,138.16622721505684,0.02292625079788918,0.000648498529112454,1.4929137619421453,139.95970427220232,0.023664463635269556,0.0009653508916644263,150,0.0,172.32878,0.0,0.0,0.0,2.4142017,0.0,0.0,0,157.72256,0,0,0,174.98564,0,0
processed_data_batch_62.npz,150,1.4280423861129998,139.1988637240492,0.02328307155149077,0.0035817209671294287,0.059846958970963794,0.45139949507977106,0.0005333538280692131,0.0006591728365405957,1.177182618094374,137.37498769220485,0.021383887425578573,0.0033247282316299495,1.6023374804556354,142.0872467925641,0.02870572311160695,0.010650993390389133,150,1.4280419088512835,139.19896335099872,0.023282973559348927,0.0009312360930605348,0.059851217640840365,0.4515020432416117,0.0005335559582568497,0.0008757109359566655,1.177168505849732,137.37608649334993,0.021382578630338586,0.0006593034152903127,1.6023429785692576,142.08514661342497,0.028707620537241515,0.009995651765934836,150,0.0,172.04721,0.0,0.0,0.0,2.6024647,0.0,0.0,0,161.33505,0,0,0,179.88916,0,0
processed_data_batch_63.npz,150,1.4277729416693736,139.25464325268337,0.02330402500667694,0.0035244355451190313,0.07234726935143021,0.6212491837699068,0.00017244640051015776,0.00027578685110335525,0.800067506095865,132.93689634905724,0.022840181980186097,0.0032853262587773653,1.4865025286779356,140.11716729271973,0.024276385994243036,0.00676512077458837,150,1.4277781365761841,139.2540602224652,0.023304259648212224,0.0008280280046098705,0.0723456843978734,0.6212248477793985,0.00017246933111603814,0.0003938598352343918,0.8001268378720044,132.93422750408794,0.02284294015712007,0.0006421244214955905,1.4864764391997827,140.11317296803182,0.024277153242717894,0.005541864887085462,150,0.0,172.148,0.0,0.0,0.0,3.2283502,0.0,0.0,0,146.09924,0,0,0,175.03017,0,0
processed_data_batch_64.npz,150,1.4231487476344569,139.39861271449607,0.023306587426121652,0.003615192111655158,0.06517003140562054,1.2766959388559782,0.0005846127314384683,0.0011242120390087941,1.141716293571354,138.4074261931884,0.017692465155229077,0.003325584173880071,1.483476628098265,153.26916797288254,0.0265170159887477,0.014649813724146211,150,1.4231546780929023,139.39792496769857,0.02330689491333458,0.0009659976517068621,0.065167581656455,1.2753420742897605,0.0005839774758906173,0.0013446260985952977,1.1417636082750506,138.39939101912503,0.01770418033465307,0.0006692894112639005,1.4834694225891967,153.24793352332514,0.02651638701229288,0.013681565634391065,150,0.0,172.08427,0.0,0.0,0.0,3.0846148,0.0,0.0,0,159.97356,0,0,0,183.43492,0,0
processed_data_batch_65.npz,150,1.4307657259381625,139.3442685090846,0.02331040110605155,0.0034970130234675788,0.04682793241352939,0.3335199038653417,0.00016286325185797937,7.091431646952828e-05,1.2020336320698637,138.54245133489883,0.022327961538774786,0.0033036403059827236,1.4865470379982844,140.13881571011075,0.023674793618522733,0.00367574211856122,150,1.4307722148758433,139.34345697643897,0.023310940466876293,0.0008018504155656313,0.04682403770816998,0.3330772174940397,0.0001626675998072875,8.137290890621946e-05,1.202081056002209,138.54595341353667,0.022331584285268703,0.0006718954047349473,1.486564869718136,140.13232480176214,0.023673163021675776,0.0012812505416468951,150,0.0,172.43813,0.0,0.0,0.0,2.1171181,0.0,0.0,0,163.017,0,0,0,175.11685,0,0
processed_data_batch_66.npz,150,1.428826064660207,139.43332428809174,0.023300403115173188,0.003566204699566359,0.055172442349179736,0.8389312781319852,0.0005302293263795466,0.00059973163225422,1.1729313418536875,138.52385275368704,0.018495193345377862,0.003290466873151636,1.4878474260457144,148.78987506056532,0.02655017243533048,0.010587740641819417,150,1.4288235482955758,139.43359349528492,0.023300302225009995,0.0009053029602809907,0.05517390179947921,0.8379285794132383,0.0005295888065464912,0.0007698216050537792,1.1729982158870507,138.51879015691594,0.018502747233290335,0.0005951555533310693,1.487880300056149,148.77776332170876,0.026546048087104927,0.009556177010413516,150,0.0,172.46461,0.0,0.0,0.0,2.672489,0.0,0.0,0,161.45761,0,0,0,185.34857,0,0
processed_data_batch_67.npz,150,1.4316349332666853,139.38156846399647,0.023315858610141238,0.0035745877419214906,0.061374565762947086,1.0381901131311302,0.00019133162555757779,0.0008538753062667091,0.948098940382106,127.55659080607126,0.02266606001830729,0.003194594576407305,1.4861871527149062,140.3061684155386,0.024162935224474054,0.013482460813531456,150,1.4316345303521523,139.3817111870688,0.023315618865714333,0.000906405530007301,0.06137763501613997,1.0383412866251749,0.00019160218508777768,0.0010405750115212006,0.9480910518766504,127.55748374124957,0.02266576031711218,0.0006122216851362895,1.4861884581867282,140.3081295104172,0.02416250574324795,0.012895130329505466,150,0.0,172.53714,0.0,0.0,0.0,2.8927696,0.0,0.0,0,152.54572,0,0,0,175.29314,0,0
processed_data_batch_68.npz,150,1.418738442837517,139.5454666172633,0.02323465554965954,0.0035919458186553605,0.07330210733456369,1.5644140026322675,0.0010584668550538783,0.0013442350018201144,1.0200120047113677,138.67632287137016,0.010487596658213798,0.0032772458757096383,1.480388919604811,158.17710263388844,0.023663541638001325,0.019922571085011366,150,1.4187445335023001,139.54470500065494,0.02323512896396547,0.0009205787188231398,0.07329754883264877,1.566597987729479,0.0010598827928928508,0.0015234095973568947,1.0200628519494417,138.6767886855177,0.010470803933010224,0.0006562209066945224,1.4803899274102954,158.20370737091537,0.02366157573059551,0.01943702129936872,150,0.0,172.15799,0.0,0.0,0.0,3.7167454,0.0,0.0,0,155.03914,0,0,0,195.84335,0,0
processed_data_batch_69.npz,150,1.4226204435827294,139.49984452089853,0.023275207515270277,0.0035032518467507396,0.06514270157672114,0.37010779130523586,0.00015991813769622416,0.00013245570852194044,1.0502909530292637,137.74252611075823,0.02279717150076802,0.003340418834582034,1.4861532263224393,140.43717582064485,0.02378648585076749,0.004708100491940163,150,1.422623090031154,139.49944501742303,0.023275598893027407,0.000816048431210501,0.0651417196047707,0.37032020453893344,0.00015987719887461995,0.00015584474585008447,1.0503190288496276,137.73935959602105,0.02279771030387995,0.0006342730310008997,1.4860858524994893,140.4432463287137,0.02378410681275679,0.0024569207189966713,150,0.0,172.31183,0.0,0.0,0.0,2.859322,0.0,0.0,0,156.64722,0,0,0,175.51682,0,0
processed_data_batch_70.npz,150,1.416769606679408,139.52738374783033,0.023345045905623987,0.00348121789097423,0.05861543304611606,0.3201260680817024,0.00015794705160649918,7.041602115717699e-05,1.1779644530020523,138.64424062857591,0.02301571351658742,0.0033256002592977523,1.4871779087714854,140.16696448382635,0.023684117065997778,0.003657114202598535,150,1.4167673933681602,139.52762859877015,0.023344916058399095,0.0007865740022111722,0.05861497021445926,0.320037262470234,0.0001581676352569456,6.777609356461556e-05,1.1779894022403141,138.63928223004152,0.023013120428222164,0.0006242853267513105,1.487177297558683,140.17177715777098,0.023684177084464835,0.0010644614129151342,150,0.0,172.09547,0.0,0.0,0.0,2.5321348,0.0,0.0,0,162.38855,0,0,0,175.23526,0,0
processed_data_batch_71.npz,150,1.423128018548936,139.51885640914216,0.023260727482308986,0.0035307095019239173,0.06129820613175867,0.6641203509588673,0.00026469547160015396,0.00030859966372215987,1.0226989445078505,138.6081106933049,0.02139938355256038,0.003316735123461873,1.4811618219926186,146.34955651275473,0.02377263982883293,0.007141170834317877,150,1.4231301439996416,139.51871130463903,0.023260613700270483,0.0008555794984857583,0.0613003647539693,0.6640683395307462,0.00026458819799575576,0.00043168844336724955,1.022721733089993,138.6065595247594,0.0213965606555685,0.0006272168032389877,1.4811491593619628,146.352191560847,0.02377074409958729,0.005895515450150966,150,0.0,172.32436,0.0,0.0,0.0,2.6197708,0.0,0.0,0,154.86157,0,0,0,175.54861,0,0
processed_data_batch_72.npz,150,1.430021218577243,139.5339414031808,0.023266746798126268,0.0034900827457574656,0.04609308693885793,0.3842334573696359,0.00016680270065963905,6.282575007582079e-05,1.2055045865775385,138.464098435446,0.022761601871698123,0.0033290202018062547,1.4848452550320752,140.339062688621,0.02375084220314443,0.003648626522773623,150,1.4300259327608758,139.5333559699045,0.02326712005333662,0.000798714482279251,0.04609010832281395,0.3846071303161404,0.0001670537586171886,7.270590181090781e-05,1.205522030934342,138.4601798708765,0.022763505063582604,0.0006349865227907377,1.4847781694150801,140.3363672855975,0.023753504658760007,0.001048186075517239,150,0.0,172.65298,0.0,0.0,0.0,2.031179,0.0,0.0,0,163.22015,0,0,0,175.84392,0,0
processed_data_batch_73.npz,150,1.4288914746292585,139.34242575189535,0.02337209914494267,0.0036650480597028756,0.06569666405838456,1.8362355071583027,0.0007577709110797719,0.001400960917831091,0.8883275821197336,119.5262526093019,0.022753467062858506,0.0033221351725811143,1.5714092509489928,140.60074232062064,0.03199966028964134,0.018019850588124796,150,1.4288985112378476,139.34170585393696,0.023372487197047695,0.0009877695169772903,0.06569973421125344,1.840091172146325,0.0007598867769842542,0.0016225947495556484,0.8883405238132294,119.48261046179688,0.022751505074907898,0.0006152681468489393,1.5716381813054998,140.60147294292918,0.03202408870431552,0.01749154110586089,150,0.0,172.34717,0.0,0.0,0.0,3.5388975,0.0,0.0,0,147.7756,0,0,0,175.73544,0,0
processed_data_batch_74.npz,150,1.4261459229819626,139.54485302559186,0.02335698028802529,0.003500726596893737,0.05725089280089953,0.3591063293928987,0.0001439626115788844,7.731388798133481e-05,1.0793643489647469,138.56841771662548,0.02288954369659396,0.0032504420505094192,1.4866407590751756,140.4435189814574,0.023703427176846554,0.003711004215958039,150,1.4261474186208694,139.5447082181171,0.0233569522801909,0.000804228338648733,0.05724851624639639,0.3591137353747396,0.00014377495337566134,7.654058956244899e-05,1.079356523786622,138.56883768865814,0.022891660195838583,0.0006138462329979881,1.4866407895299503,140.44256910407603,0.02370832970853841,0.0009993097637204175,150,0.0,172.5479,0.0,0.0,0.0,2.49081,0.0,0.0,0,157.74136,0,0,0,175.35556,0,0
processed_data_batch_75.npz,150,1.4130857067832066,139.51465320869178,0.02339689577719713,0.003578016009907259,0.07340385683132863,0.5391465070057557,0.00034467565726348996,0.000492602206258046,0.951788630249972,135.99171676997096,0.021649286367455462,0.00330889284749926,1.4892753206584106,142.20316882727383,0.025610649225956746,0.007179318159151662,150,1.4130808910232042,139.5152447403119,0.023396533070400755,0.0009190751709399627,0.07340680790499161,0.5391717977765722,0.00034446764668729247,0.0007079206912702501,0.9517801274791139,135.98918869588456,0.021651481798566068,0.0006104570006517898,1.4893016305426052,142.20464599580592,0.025609853035950845,0.006204270279179734,150,0.0,171.95909,0.0,0.0,0.0,3.174897,0.0,0.0,0,152.85156,0,0,0,175.62262,0,0
processed_data_batch_76.npz,150,1.4275289287731043,139.5207276048896,0.023505490644611767,0.0035011176463121034,0.049120307969117864,0.3238566682035488,0.0001742398963595279,6.480717840733555e-05,1.2511103550569647,138.80447279274833,0.02312547856638707,0.003306323158908769,1.4816803042149131,140.4560581334801,0.024224200071047773,0.0036528002512463678,150,1.4275302704340918,139.52051613395182,0.023505727091114235,0.0008005761174504415,0.049120804106597735,0.32414065366435646,0.00017442437919293338,7.578792257313124e-05,1.2511101531504858,138.80288196203892,0.02312548567775859,0.0006439837018360178,1.4816520206631347,140.45425291527394,0.02422712566974824,0.001010240898833399,150,0.0,172.61452,0.0,0.0,0.0,2.123486,0.0,0.0,0,164.99173,0,0,0,175.47687,0,0
processed_data_batch_77.npz,150,1.4267777769478256,139.48548436392807,0.023453631795353418,0.0035735700246692257,0.05469904769369503,0.9638856431846263,0.00044464778889463245,0.0006091793467769363,1.072871137241581,129.1987382976312,0.020166996953213757,0.0033357699557067457,1.4864713600391783,140.72379699074915,0.025155984322061745,0.009503949169244304,150,1.4267784877201508,139.48540315252475,0.023453668261014245,0.0009293733505288139,0.05469257272553348,0.9667494840103352,0.00044535437689770957,0.0008208107240455919,1.0728571367115476,129.16005755534326,0.020165618937231483,0.000609715548804305,1.486430317163757,140.72758333574632,0.025175453736551102,0.008135593486587411,150,0.0,172.5181,0.0,0.0,0.0,2.693502,0.0,0.0,0,157.3583,0,0,0,175.49692,0,0
processed_data_batch_78.npz,150,1.4308224719929792,139.56194171586162,0.02350350465428747,0.0034983248535546308,0.0473122139665918,0.3410553923727476,0.00016360267251903018,6.483331890417209e-05,1.2256889562909197,138.516900548912,0.02297513104939261,0.0033062447055449817,1.5092693732695897,140.43104938816012,0.023932560196424185,0.0036652949806615896,150,1.4308262989652776,139.5614371226512,0.02350386637127539,0.0008038644016457926,0.04730978156731054,0.3411774337369759,0.00016337730546356103,7.368198929808612e-05,1.2257554778736512,138.52337166868773,0.02297509795873848,0.0006533198007666476,1.5093101916610336,140.43014361856737,0.02393314330815765,0.0010844577208773672,150,0.0,172.81346,0.0,0.0,0.0,2.1535513,0.0,0.0,0,163.86624,0,0,0,176.91324,0,0
processed_data_batch_79.npz,150,1.4251407934232823,139.61156328152336,0.023480872197055684,0.003557483701334511,0.053136903048909535,0.5724606777145743,0.0003194989841346512,0.0005437710165433633,1.186384284178351,138.07645646345014,0.020901217353269583,0.0033206485521019807,1.489668472718702,145.07011770829897,0.025616210848105753,0.00974874438027646,150,1.4251473510846941,139.61087785848792,0.023481091398988935,0.000874254775438524,0.05313779911591232,0.5724250930292714,0.0003194957862686358,0.0007363946111984131,1.1863593494227715,138.07636495589458,0.02090096613757575,0.0006516194543034165,1.4897130321311776,145.07137586477558,0.025616277770654415,0.009011922402351597,150,0.0,172.64354,0.0,0.0,0.0,2.3799288,0.0,0.0,0,162.21106,0,0,0,176.27774,0,0
processed_data_batch_80.npz,150,1.431027305694632,139.59867260140905,0.023496144031402634,0.003524583050393943,0.044706503996421024,0.5196507359266811,0.00016119551814227308,0.0002553211491329416,1.2663584695806027,138.63388628647985,0.023039291267715704,0.003312249437734588,1.4929633174150503,144.25171665966147,0.023867647405077682,0.006504148024437952,150,1.4310299714075534,139.59845222567284,0.023496108666796744,0.0008217964175819381,0.04471018892956117,0.5195675664702256,0.00016108989264420899,0.0003851916073766711,1.266351541091839,138.6357294787529,0.02303422754790252,0.0006648372086452832,1.4929698369978983,144.25204517339205,0.023866824452194364,0.005432276325732497,150,0.0,172.8752,0.0,0.0,0.0,1.9037529,0.0,0.0,0,166.38841,0,0,0,176.47797,0,0
processed_data_batch_81.npz,150,1.430048266189197,139.60946352650993,0.023535352496635534,0.0035400418382164093,0.05795653904392219,0.3330576555013015,0.0003213699288639179,0.0002838972110866361,0.9969929332097677,138.8843823654851,0.023055171704175603,0.003344655522417091,1.4811671842606156,140.542620096317,0.0267334569674076,0.006867960757043731,150,1.4300501657908669,139.60924904080684,0.02353548317587016,0.000826548604457723,0.05795716164280629,0.3336353822676816,0.0003214418707305178,0.00042647605325418265,0.9969653989972441,138.88677832460814,0.023056405365465243,0.0005788499537144361,1.4812003910237403,140.54146893739292,0.026733748699040525,0.005869025569189895,150,0.0,172.85835,0.0,0.0,0.0,2.5629203,0.0,0.0,0,154.50862,0,0,0,176.71939,0,0
processed_data_batch_82.npz,150,1.422608870504284,139.6365476427122,0.023441575594888325,0.0035368263058416123,0.05048611973417498,0.3062566442778758,0.0004137506040956644,0.00035179543015830445,1.1796715443538754,138.88031103918595,0.018760070712707074,0.00332408462464568,1.4784402958986123,140.5448528696936,0.02386255982947637,0.0073353847729846645,150,1.4226044251829397,139.6370709002618,0.02344129362925533,0.0008429144814441839,0.05049025062375905,0.30528999643163496,0.00041367853078056436,0.00048049046530936236,1.1795975871216504,138.88347484687608,0.01875760470207866,0.0006456562068960811,1.4784623307447018,140.54789983860934,0.023860553519577696,0.006346467985614511,150,0.0,172.55849,0.0,0.0,0.0,2.3104627,0.0,0.0,0,161.8206,0,0,0,175.9512,0,0
processed_data_batch_83.npz,150,1.4346189578614876,139.69489174270075,0.02347173859920207,0.003592374534705791,0.04623514953386327,1.4978245458079187,0.00043701950197651767,0.0010456123867736847,1.204908028660966,138.83816786680822,0.01852400371181581,0.0033274684039348657,1.487839649613281,157.4593295113018,0.023977696255545865,0.016284198948202874,150,1.4346202829678063,139.69477107738714,0.023471674246925953,0.0008982980017598737,0.04623224686130653,1.4964473042131712,0.00043636130646934287,0.00120798742557962,1.2049124050087634,138.84211679296763,0.018532690511146716,0.0006675504567816862,1.4878009094033855,157.4425879005544,0.02397600272951835,0.015573348618044698,150,0.0,173.1537,0.0,0.0,0.0,2.3731306,0.0,0.0,0,163.37448,0,0,0,187.86563,0,0
processed_data_batch_84.npz,150,1.4277216048594807,139.46846426913467,0.02351003961840672,0.003569307260206352,0.06410869101905646,0.8128330378467531,0.0002478735811650943,0.0005569558955744193,0.97133980980991,130.6512921794339,0.022545874031968813,0.0032747206308270708,1.4910801820833484,140.33601060740082,0.02483301225301544,0.00915098032139433,150,1.4277236326276197,139.46821159723578,0.023510175440957574,0.0008852571118231578,0.06410739405665267,0.8126440073728387,0.0002479376026589159,0.0007516638542550211,0.9713193170136399,130.6514807747136,0.022543133313734177,0.0006407944319580171,1.4911273160986231,140.33331878100805,0.024833584787520714,0.008336334935356063,150,0.0,172.58073,0.0,0.0,0.0,2.98939,0.0,0.0,0,152.99457,0,0,0,175.56122,0,0
processed_data_batch_85.npz,150,1.419933700476575,139.6306922055657,0.023645862879675707,0.003562550246879261,0.059362399142163735,1.2761924683164818,0.0006461829701268015,0.0008018645858518625,1.1593693480263052,138.65561506716466,0.016255956789351336,0.0033097024786719136,1.4860673783068972,154.72619321151188,0.024161736131820166,0.013262605708174325,150,1.4199360954246216,139.63047704687565,0.023645843271476733,0.0008663828391256445,0.059361552555307305,1.2773696038944735,0.0006469590172964103,0.0009532065819242597,1.1593743381476305,138.65054679706307,0.016246928814375432,0.0006031819136539945,1.4860411246616338,154.7406493204545,0.024164060560795425,0.012387851544471236,150,0.0,172.48146,0.0,0.0,0.0,3.0025609,0.0,0.0,0,161.82693,0,0,0,192.12009,0,0
processed_data_batch_86.npz,150,1.4316539113374718,139.48099642637675,0.02396864518838803,0.00351015122461249,0.04873367191112859,0.33127414834769964,0.0001699754077301936,6.931835094893693e-05,1.1348501922486847,138.53545786331526,0.02339196257939334,0.003290988200906399,1.4915181328243283,140.16397337799634,0.0243450055939401,0.003731841976833475,150,1.431658663393111,139.4804014554633,0.023969051292160592,0.0008088408108185095,0.04873349352429201,0.330905035793698,0.00017000190717083016,7.228604699337594e-05,1.1348611315157169,138.5382839931579,0.023395210100511158,0.0006552880424286504,1.4915324148533062,140.16231205972733,0.02434220355154065,0.0009967657719954445,150,0.0,172.89958,0.0,0.0,0.0,2.1346033,0.0,0.0,0,160.76907,0,0,0,175.93047,0,0
processed_data_batch_87.npz,150,1.4299548767674484,139.53771119377151,0.02393759433346343,0.003590621729968991,0.05154718190554307,0.6581983244910697,0.00047938062219309604,0.0006597580301639987,1.204163219269743,138.66173332002052,0.018868086000664863,0.0033452605531017576,1.4933910026138564,146.57646813628762,0.024405286028308517,0.010004299842605336,150,1.4299572783099646,139.53745589966474,0.023937696873241928,0.0009245113096219733,0.05154939332117671,0.6576703598680149,0.00047971620471775266,0.0008577205463675488,1.2042095363819147,138.65982209598326,0.018862734954501158,0.0006414153935785336,1.493347752353954,146.5686907087034,0.02440871924369777,0.008975221712070906,150,0.0,172.82304,0.0,0.0,0.0,2.297387,0.0,0.0,0,163.23767,0,0,0,176.86267,0,0
processed_data_batch_88.npz,150,1.4272378765314362,139.66664600962284,0.02395082911111811,0.0035603194997433593,0.054745850370136635,0.9965969440308418,0.0005127045447212776,0.0006973239207008407,1.1496694340035976,138.92789068980682,0.018147944001945894,0.003292038736834649,1.4916704155653175,151.27066224232104,0.02444679767066282,0.011997005092452832,150,1.427236434374027,139.66681062865086,0.023950713365541283,0.0008709533088360658,0.05474286313696079,0.9963762133534688,0.0005126474039823611,0.0008337499770303763,1.1496445174857495,138.9263920956474,0.018148218388555085,0.0006278907241835114,1.4916834354629784,151.26803791621913,0.02444744314366182,0.010956490804408118,150,0.0,172.98798,0.0,0.0,0.0,2.6697989,0.0,0.0,0,160.69382,0,0,0,187.15862,0,0
processed_data_batch_89.npz,150,1.4306426913460268,139.67472495928422,0.023979080186148718,0.003565350594091893,0.05439398798150409,0.8989701922923606,0.0002942305964459367,0.000671738571144245,1.218095334485944,138.7852980679129,0.020840954469345273,0.0033318116939795566,1.4965196508938585,149.88534984892826,0.024353679152142507,0.011685824807693724,150,1.4306456745765714,139.67431637409317,0.023979333950730167,0.0008676103201153166,0.05439164594752182,0.8956265732857958,0.0002925053440588463,0.000812660977282021,1.2180916265481134,138.7860234186121,0.02086407015483182,0.000643415903943118,1.4965219926915314,149.8413558404676,0.024351889026783098,0.01068972758287142,150,0.0,173.09666,0.0,0.0,0.0,2.3202631,0.0,0.0,0,163.7177,0,0,0,176.00552,0,0
processed_data_batch_90.npz,150,1.4369657797832924,139.7985789851373,0.023914103760962944,0.003668594421472246,0.05976123247515885,1.8448533761345787,0.0007461669883834897,0.0013325403358919528,0.9476633238663762,138.58862447737317,0.0171654579802494,0.0033403191957836003,1.4862844678141807,160.15701287637083,0.024447363308075263,0.015719817551155178,150,1.4369686660028218,139.79827833159945,0.023914241969685564,0.0010190320947290217,0.059765371132533884,1.8444374845600147,0.0007462473576142226,0.0015943530422012882,0.9476188885753205,138.58717218927742,0.017174345783097938,0.0006563503018795656,1.4863324457912443,160.14321346530087,0.024450029093727146,0.015177482537381116,150,0.0,173.60841,0.0,0.0,0.0,3.3004363,0.0,0.0,0,152.26257,0,0,0,191.92216,0,0
processed_data_batch_91.npz,150,1.4248987288305102,139.60306035035765,0.024017398670324475,0.003526629613446317,0.062351922011895905,0.3450742080936225,0.0002596429978987252,0.00022475656121204307,1.0256132619815859,137.90177942231836,0.022138858250700024,0.0033646392457010064,1.4893356200432981,140.45271407142187,0.024547619179381294,0.006046607212203716,150,1.4248951861596877,139.6034847908151,0.02401708766429526,0.0008327365348391819,0.06235027069714101,0.3450595971102837,0.0002596363039968385,0.0003504130798239507,1.025614426870533,137.90214240083807,0.02214022817948201,0.0006425386209690211,1.4893469330846987,140.45119456534493,0.024544763330217913,0.004720868644257555,150,0.0,172.78871,0.0,0.0,0.0,2.7461953,0.0,0.0,0,155.92346,0,0,0,176.34343,0,0
processed_data_batch_92.npz,150,1.4361936376773967,139.62273386620635,0.02399569174602662,0.003527605943080343,0.04791424410537083,0.33116894141287645,0.0001861535578849674,0.0001239589849601948,1.0761177818169145,138.66204159887133,0.02273133034496193,0.003346803760633517,1.4889026672060384,140.42106294530808,0.02449172770183721,0.004755293779984149,150,1.4361958133263923,139.62244474475025,0.02399597475974934,0.0008009757175937745,0.0479158471678582,0.3312565499444522,0.0001859780196661104,0.0001316586895288436,1.0760943159308538,138.65674570662495,0.022734001708631008,0.000605346907812325,1.4888704783073505,140.4270813726751,0.02449427512329708,0.002025828500257739,150,0.0,173.29631,0.0,0.0,0.0,2.0770476,0.0,0.0,0,157.85742,0,0,0,176.3652,0,0
processed_data_batch_93.npz,150,1.4342983938853964,139.6204223292332,0.023977160300491095,0.0035282720679432698,0.047818521482091376,0.346186416083061,0.0002541047013467153,0.0001715129153729746,1.2325504501281639,138.7008090842797,0.023609521734474684,0.00334726683027797,1.489306206387187,141.02212787701973,0.025889819477527425,0.005321097704908368,150,1.434302123062739,139.62003877759008,0.02397726633076464,0.0008219599259441529,0.04781819646953546,0.346413761638066,0.00025432879456710765,0.00027664142394221266,1.2325314585779292,138.69337795551436,0.023606701831346236,0.0006477296357724565,1.4892804493560685,141.01808599520817,0.025892098689895643,0.0038431644688385193,150,0.0,173.23857,0.0,0.0,0.0,2.1110685,0.0,0.0,0,164.21252,0,0,0,176.14348,0,0
processed_data_batch_94.npz,150,1.4357397866173907,139.6309795290201,0.0238846337704188,0.0036635782737916376,0.04263743055515815,0.8307799996991784,0.00045148984248288116,0.0011082523203746377,1.2496298869800329,133.40454090387914,0.020797790981730086,0.0033518793576399674,1.4929298408057228,145.96613373034896,0.02686308127078326,0.01543421743818333,150,1.4357423582542772,139.63069128587935,0.02388466418396254,0.0009948917506026726,0.042629317076461004,0.8288470630038851,0.0004505410433039235,0.0013479164950891936,1.2498598380839376,133.41535223700632,0.020813912411521602,0.0006552825759433906,1.4929685125140242,145.9339056560754,0.026856632377961157,0.014816235249860095,150,0.0,173.23245,0.0,0.0,0.0,2.216,0.0,0.0,0,156.13637,0,0,0,175.77698,0,0
processed_data_batch_95.npz,150,1.4331377917062516,139.6054128810356,0.023795204796287692,0.0035644092760439266,0.06008991809337696,0.48101854578436565,0.0003325052087107503,0.0005561487791344056,0.9816701438949641,134.9394998179813,0.02146760037621363,0.00336483898304276,1.4902222441054327,140.5680514443566,0.026578147587690035,0.010241445817167997,150,1.433138097138838,139.60534664026568,0.02379528564710741,0.0008669394276512491,0.06008837418639013,0.48090621624796615,0.0003327570630058759,0.0007178228358826848,0.9816890163796397,134.9429897615548,0.02146654998573951,0.0006205331972680371,1.490225971825868,140.56144620841658,0.026577569521072215,0.009359138180311007,150,0.0,173.05539,0.0,0.0,0.0,2.8382463,0.0,0.0,0,153.91583,0,0,0,175.78288,0,0
processed_data_batch_96.npz,150,1.4316292196872549,139.61196889278358,0.02390477295026635,0.0035448595894881675,0.06734771407980411,0.5955268589411644,0.00023271696554983236,0.0002921711588959674,1.017025071831646,138.62522994784806,0.02341813961053599,0.0033390840849276894,1.491133338371749,145.43218563125603,0.025165062576464583,0.006817347870416749,150,1.4316278231093027,139.61203804517731,0.023904808992299815,0.0008452219339348144,0.06734193068265847,0.5961307096526741,0.00023271129191315882,0.00044482268642303483,1.017041203422748,138.62312143816217,0.02341642729818482,0.00064742056008174,1.4911273801610494,145.43617105682412,0.025166202647125924,0.005768535674284979,150,0.0,173.06935,0.0,0.0,0.0,2.9714096,0.0,0.0,0,154.59215,0,0,0,176.64305,0,0
processed_data_batch_97.npz,150,1.425041637336937,139.6118502118606,0.024060029346888095,0.0035161842995470546,0.062370847715307445,0.32334099603829614,0.0002666743137214526,9.815459341451618e-05,1.1776668043638794,138.73113584832382,0.02222711437701066,0.0032974344061671513,1.5272430598892377,140.3499859054628,0.024518315857050398,0.004094455266406946,150,1.4250415555693432,139.61192100936591,0.024059866388255084,0.0008226079981890538,0.06236985320948269,0.3236559420536818,0.0002668023555621131,0.0001714144904563545,1.1776138178465254,138.73036100103283,0.022225831884716985,0.0006232058993935759,1.5272580639357902,140.35082693298838,0.02451905114144921,0.0021704909389865666,150,0.0,172.8101,0.0,0.0,0.0,2.6824722,0.0,0.0,0,162.7435,0,0,0,177.24628,0,0
processed_data_batch_98.npz,150,1.4390871498951636,139.69386321554632,0.023980306441585247,0.0035076478109201535,0.04669190937419522,0.344212789429917,0.00016186255341837992,6.816652860669597e-05,1.1238266505345407,139.04644865124968,0.02354036550011103,0.0033524588551795886,1.4938456447028985,140.78921304208484,0.024399707260192634,0.003688615625750564,150,1.4390848437205772,139.69411961059507,0.02398018486123616,0.0007952322154315131,0.04669461576180758,0.34379940494600536,0.00016181642803925504,8.17867354840539e-05,1.1238569399012925,139.04346152356172,0.023540442127984465,0.0006486225385864752,1.4938322076100394,140.78551866997208,0.024399383359653696,0.001067084080775913,150,0.0,173.55417,0.0,0.0,0.0,1.9457468,0.0,0.0,0,161.46098,0,0,0,176.05367,0,0
processed_data_batch_99.npz,150,1.4350053173189656,139.53010735867875,0.02390595495777367,0.003564879644234105,0.05036757995965384,1.0412790465134454,0.00035278580557366614,0.000621336300291684,1.23007139891351,127.4593934449838,0.02329881589441246,0.0033505884008705254,1.4956636855794956,140.52219747306845,0.02768110362520308,0.011072493894849045,150,1.4350088576676676,139.52968833432917,0.023906184080050165,0.000862742695169323,0.05036562762700879,1.0412317329411254,0.00035272785882073724,0.0007834979918079713,1.23008892386858,127.45819353428578,0.023293984595362905,0.0006479807716555509,1.495661998527482,140.52351689542897,0.02768084976920446,0.010349312493449767,150,0.0,173.11977,0.0,0.0,0.0,2.3814404,0.0,0.0,0,161.26938,0,0,0,176.27615,0,0
processed_data_batch_100.npz,150,1.429237810455005,139.5619316230871,0.023782153691614117,0.0035572754814440486,0.06071937872827471,0.3781017926950816,0.0004127434773646324,0.0003717518497702002,1.1244015561390914,136.7446295741634,0.021734520830548734,0.0033517178669638993,1.511280241535415,140.36589769853285,0.02746148308606017,0.006905996710987011,150,1.4292426689178428,139.56136171995044,0.02378245385841362,0.0008765914345643663,0.060716681743309554,0.3780886885561889,0.0004125449266025921,0.0005615089027436741,1.1244090501774298,136.7452334588511,0.02173553554008015,0.0006449293338763682,1.5112874304447192,140.363408275444,0.027459454164872468,0.00591641901021873,150,0.0,172.89302,0.0,0.0,0.0,2.6368334,0.0,0.0,0,159.43423,0,0,0,176.95197,0,0
processed_data_batch_101.npz,150,1.4382533299976872,139.63979700120618,0.02381419174496816,0.0035179485773541965,0.04591204780063307,0.30110513545768214,0.00014758754807075582,7.259219512250728e-05,1.1965887048050874,138.7859966764155,0.02315969368149306,0.003347697617194942,1.4958368514541152,140.23899196732822,0.02410071631438518,0.0037614037816622605,150,1.4382555593680264,139.6395996507871,0.02381411840981503,0.0008019948543286694,0.04590654386554735,0.3009053834614906,0.00014749532659077844,7.624553829031907e-05,1.1966018723408172,138.78671306927492,0.023164478556702138,0.0006287147880952488,1.4958235098856316,140.2400601064576,0.024102016215892304,0.0010160580627822373,150,0.0,173.37206,0.0,0.0,0.0,2.0392747,0.0,0.0,0,163.32812,0,0,0,176.18051,0,0
