filename,I0_mean_orig,I0_mean_filt,I0_std_orig,I0_std_filt,tau_mean_orig,tau_mean_filt,tau_std_orig,tau_std_filt,B_mean_orig,B_mean_filt,B_std_orig,B_std_filt,residuals_std_mean_orig,residuals_std_mean_filt,residuals_std_std_orig,residuals_std_std_filt
processed_data_batch_1.npz,1.4357647394500794,1.4357639765271175,0.053927784020419915,0.05392801907952011,139.1739255804119,139.17401963452386,2.3728263434750065,2.3728110189022953,0.02068984560118991,0.020689796740901507,0.000580887459488902,0.0005808735756323244,0.003814864516205668,0.003470619367117127,0.0017345609362993397,0.0017942760852860734
processed_data_batch_2.npz,1.4461988517769253,1.4461981427628745,0.03733891753015186,0.037338790892472835,139.72556486473061,139.72565975077634,0.31333499435909284,0.313323609825544,0.01959870611501697,0.019598637216489898,0.0005202579114118999,0.0005202734377482688,0.00328462899218719,0.002908872950542158,5.940193912970656e-05,4.908119529137323e-05
processed_data_batch_3.npz,1.4573759969957363,1.457374666781489,0.02837224926062893,0.02837238263890417,139.3860265903601,139.38618068718773,0.2831966919629341,0.28323427046715277,0.018729402353545123,0.01872933335482502,0.00010631663086972571,0.00010637110025737204,0.003284179130979337,0.002910082067731848,6.44959141196073e-05,5.480031192217817e-05
processed_data_batch_4.npz,1.448717535816705,1.4487163271720132,0.03313931118320915,0.03313923358576287,139.43872829822013,139.43886242609165,0.3567113365325743,0.35670568378006823,0.018602803453768718,0.018602757374266282,9.524969974897454e-05,9.52332657757796e-05,0.0032815965537988166,0.002906154225882489,5.855121364085116e-05,5.543027571801381e-05
processed_data_batch_5.npz,1.421997375506749,1.4219963432000873,0.06648136523416165,0.06648121714952226,139.79239557520094,139.79250395082926,0.20925407474302757,0.20927273266192603,0.018644734735172055,0.01864471727552832,9.29101283873128e-05,9.293127415825199e-05,0.0032696396408840515,0.0028907471118132175,6.363814956080782e-05,5.827457055485374e-05
processed_data_batch_6.npz,1.4431148214788405,1.443113790654132,0.039497976272144415,0.03949754478647251,139.6278637633546,139.62797550458694,0.26245761172913584,0.2624374752811105,0.018767406214400855,0.01876737200550063,8.96890663382841e-05,8.968535482564341e-05,0.0032865657970358167,0.0029080658121129373,5.7976896932035895e-05,5.1247290728383376e-05
processed_data_batch_7.npz,1.4454585576183123,1.4454573808149997,0.034440019603837996,0.03443981111950902,139.61244364268907,139.61257480895185,0.28155630506132756,0.28156822797268105,0.018795806472630308,0.01879575956200239,8.035182368005648e-05,8.034392200554007e-05,0.0032823445182474493,0.002902331669260283,6.137930960184947e-05,5.3035283963308775e-05
processed_data_batch_8.npz,1.4552050386624273,1.4552041064702614,0.028061407126804487,0.028061247240015914,139.49767486107933,139.49778002579362,0.32884859532344735,0.3288492330573249,0.018825498001571433,0.018825456865531578,9.704140848846326e-05,9.706623103432386e-05,0.003286826188225179,0.0029078556206309065,5.79161720559531e-05,5.291184983365446e-05
processed_data_batch_9.npz,1.442353093956823,1.4423519081824376,0.039554963959431845,0.039554889505844334,139.8394335454946,139.8395489306214,0.2438061273205251,0.24383403215746358,0.018767129427456435,0.018767129469928583,9.041694930639294e-05,9.041136786669724e-05,0.0032961759450200485,0.0029148771755419414,6.0069137630243604e-05,4.704846032105242e-05
processed_data_batch_10.npz,1.4381963114776688,1.4381951307967964,0.04137974207292429,0.04137957755886996,139.59506717628366,139.59518550757414,0.2983913910359158,0.29836711673100264,0.01884097958343214,0.01884096947950001,0.00010407216150520059,0.0001040829933768047,0.00328159213957355,0.0029052756647037392,6.227810801904208e-05,5.490766191336804e-05
processed_data_batch_11.npz,1.4411406690803779,1.4411395700939977,0.048855770091164014,0.04885606462325668,139.48065546880656,139.48076397310564,1.0340475184658355,1.0340145610264604,0.018860719303504657,0.01886071675775933,0.00020199706420729954,0.00020199203380579309,0.0033320288122562643,0.0029548256807321598,0.00042966205018448925,0.00045012340019145807
processed_data_batch_12.npz,1.4374578885129847,1.4374569219086366,0.049236870309925955,0.04923687728340965,139.2843999229357,139.28449820690838,0.9238138577123528,0.9238174445461219,0.018772774554652802,0.018772763059961055,0.0003371989340631893,0.00033718833575644314,0.003456357235408826,0.003092306658302426,0.0008701462158856419,0.0009069091993014253
processed_data_batch_13.npz,1.4421851661462906,1.4421842266526577,0.03611541087074861,0.036115365419175594,138.78259290218594,138.78268850186578,2.121995067517857,2.1219913774031665,0.01878444118893389,0.018784427790056853,0.0003537551024728227,0.0003537652377697302,0.0035091587362709787,0.0031473207626891066,0.0013186446123692878,0.001360292183195911
processed_data_batch_14.npz,1.436289744293288,1.4362884988503382,0.04414163342991494,0.044141610022400135,138.26622835119542,138.26634631164197,1.9903631957233803,1.9903129548615752,0.018662764585764744,0.018662766988412825,0.00040307375982292945,0.0004030851195307216,0.0035152485527837917,0.0031482422466011014,0.0012198810387643313,0.0012603151073592139
processed_data_batch_15.npz,1.4107415412278421,1.4107404951909022,0.03757609379503075,0.03757586283185802,131.6380460899786,131.63814110574904,1.495017404301154,1.4950533291223593,0.018953707735984083,0.018953714925126423,0.0004157304962527467,0.0004157361600407787,0.003382967325980603,0.0030049339454509562,0.0010575960421123705,0.0010851086737474602
processed_data_batch_16.npz,1.3267626513906614,1.326761486362534,0.03390833924967112,0.033908425685597175,112.58306559157067,112.5831594780312,0.8512102338099117,0.8512551299727616,0.01930311390749824,0.01930313078810921,0.00026757216648005386,0.0002675699935666346,0.003283493067730664,0.0029010033315903325,0.000612576017718515,0.0006432751954321631
processed_data_batch_17.npz,1.1552275610147436,1.155226411476956,0.03342245383433927,0.033422292090545674,86.43342815097307,86.43351354977045,1.333546997749887,1.333507411883479,0.019764215604862488,0.019764215483852817,0.0002635501438205455,0.0002635351721467392,0.003209867217019641,0.0028000478399278204,0.0009564664370942588,0.0009891078513009444
processed_data_batch_18.npz,1.0288696270076578,1.0288671117110475,0.02406613554034523,0.024066790646697103,71.87482334900007,71.8750009659702,0.36904364266799716,0.3690023417006276,0.02043099385529608,0.02043099210822335,0.0002661846264079012,0.0002661801652108769,0.003051349580041372,0.0026312525306037993,0.0002391480030941095,0.00024889427799398264
processed_data_batch_19.npz,1.06226151422196,1.0622594585633398,0.03496813509511983,0.034968937156435335,75.56801983708613,75.56816713474724,0.514030425675182,0.5140040094044727,0.02117860021036112,0.02117860428899684,0.00021079410589724623,0.00021078812543109788,0.003055190890008983,0.0026450843164432447,0.00017870672654239292,0.00019192952091547753
processed_data_batch_20.npz,1.2317723664134643,1.2317708608988773,0.030162332047904503,0.03016251486219672,96.46166285078837,96.46177882299453,1.0376999363825379,1.0376660850716273,0.021579746461648407,0.021579753343144725,0.00012041900296822221,0.00012041233629044182,0.0031246504509887278,0.002723188809708887,5.724159390112794e-05,4.907983228693414e-05
processed_data_batch_21.npz,1.3757640680448924,1.375762658214496,0.03774421713675453,0.03774413727219185,122.62235133616865,122.62247793584946,0.8460222493815798,0.8460104061721944,0.022011017949001423,0.022011015246440172,0.00010517533606477474,0.00010517697400119076,0.0032267175919159126,0.0028368263167679523,5.4831789009971566e-05,5.062838724334828e-05
processed_data_batch_22.npz,1.4307306336722756,1.4307296538281513,0.053657610256496006,0.05365775259479254,135.87634966884153,135.87643805191695,0.3964549798748589,0.39645707115700113,0.02220827577657447,0.022208290347089307,0.00010408926064301269,0.00010407795386716284,0.003277136419981269,0.00289564530598888,5.871528351637376e-05,5.313519902203468e-05
processed_data_batch_23.npz,1.4377971503434102,1.4377962667185933,0.05715953895694839,0.05715958214084188,138.98421490389453,138.98429722777766,0.3176713389820167,0.31768814446089716,0.02237033931177421,0.022370348660107342,9.485809248660062e-05,9.486099796920891e-05,0.0032834648537114703,0.0029065145223007975,5.969215650774527e-05,5.7794036118377775e-05
processed_data_batch_24.npz,1.4331298623085058,1.4331290953010454,0.056500735223055466,0.056500781219084535,139.27644529997775,139.27651684916734,0.32610655841097147,0.3261248118832602,0.0225237809106997,0.02252378943430375,0.00010406141526864008,0.00010406499174869056,0.00328078762713576,0.002900252311488263,5.923588646076924e-05,5.503853610916516e-05
processed_data_batch_25.npz,1.445146977504262,1.4451460522910429,0.053637133506184514,0.053637300910891035,139.3705619023996,139.37064489257156,1.4649755541552114,1.4649428612886517,0.022625324813190264,0.022625342986245876,0.0003166809137873398,0.0003166790807676449,0.0034123465995401976,0.0030440248070280436,0.0008298591249540768,0.0008631041633769233
processed_data_batch_26.npz,1.451042551929148,1.4510416046157657,0.046843959123502255,0.04684402752694059,139.48968535167427,139.48977285951474,0.39902548910132857,0.39900902369362773,0.022744862127365525,0.022744872322932742,0.00010751424296096591,0.00010750842110043118,0.0033067873886838016,0.00292504333358125,0.0001039653426948282,0.00010701972283974101
processed_data_batch_27.npz,1.452803587858459,1.4528025961885507,0.03943613028802511,0.039435769399822115,139.37480907904182,139.37489206952844,0.3065537792346535,0.30656407718535067,0.02282227406677239,0.022822303776415642,0.00010182469469134439,0.00010183338581733863,0.003302198521822351,0.002910360133006425,5.5810543444052355e-05,4.825109570158512e-05
processed_data_batch_28.npz,1.4552185575473207,1.4552175203750908,0.02866164543165011,0.02866196930716846,139.53012660233244,139.5302274930909,0.3192155900700356,0.3192314641593226,0.02289062860671384,0.02289062710264915,8.786173006643536e-05,8.789205634328834e-05,0.0032944883489506006,0.0029081862837055435,5.640117472956574e-05,5.322316010292431e-05
processed_data_batch_29.npz,1.430365105142378,1.4303642965181678,0.06836957988059805,0.06836988896903326,139.54200633608855,139.5420937289487,0.2838747604593632,0.2838548282939362,0.02293691044600717,0.022936893969897742,9.481682484420651e-05,9.483765290807529e-05,0.0032875203743309624,0.002898658250462962,5.9801194453610256e-05,5.1926349339325734e-05
processed_data_batch_30.npz,1.4450873971414748,1.445086152114806,0.05207505879973216,0.05207502024615394,139.54806624760184,139.5481929342147,1.009270379583691,1.0092930592704794,0.02301931366142691,0.02301929741843236,0.0002097264520310357,0.00020973535930372226,0.0033711094845993023,0.002997964528936932,0.0005349371831465359,0.0005668502377664476
processed_data_batch_31.npz,1.4499136250102163,1.4499122558622772,0.035153082662775885,0.03515315145163735,139.34790711524818,139.34805567564962,1.1118251092496954,1.1118819337720858,0.023049927461988248,0.023049885428499492,0.0002118092036579317,0.00021183947455822113,0.003338870704864109,0.002965558727007879,0.0004804376776068605,0.0004975908292483758
processed_data_batch_32.npz,1.450159157898881,1.4501580513722632,0.03877614637748867,0.038776093612030736,139.4864974165673,139.48661007435268,0.33054668889571304,0.3305939600641197,0.023087259868703452,0.023087244262416973,9.072595269323186e-05,9.073984140082553e-05,0.00329849883039878,0.0029087974719128992,6.12852328035753e-05,5.363188071259549e-05
processed_data_batch_33.npz,1.450354167238897,1.4503533248597218,0.04777355910343294,0.04777351171715175,139.48316522404,139.48325391130305,0.2798498847803412,0.2798143330892068,0.023075922419860156,0.0230759027053196,9.551983426588473e-05,9.552927896908942e-05,0.003291613101009886,0.0029093171093359555,6.03418460731703e-05,5.3008510729118995e-05
processed_data_batch_34.npz,1.450504219507814,1.4505036362630046,0.04276912335893752,0.04276949922835485,139.53509276268858,139.5351554338029,0.9383056296869563,0.9383128045862785,0.023065069184995436,0.023065055955004982,0.00021868808602559336,0.00021869324987491658,0.0033339929712835332,0.0029572748490574808,0.00044676103825941126,0.00046932235146358685
processed_data_batch_35.npz,1.4443510334926069,1.4443496059965708,0.04688563741642956,0.04688594504525556,139.41140238273593,139.41154689938486,0.3449726061421116,0.34500776037833436,0.023079645379118996,0.02307963222552884,9.989639000947618e-05,9.993891658888702e-05,0.0033056351456754117,0.002910417918823618,6.09596916605452e-05,5.358127216661426e-05
processed_data_batch_36.npz,1.4485115116508576,1.4485103197858662,0.049683759984075905,0.04968363289884849,139.3789427986386,139.37906905113695,0.3218672797642791,0.32183953278665295,0.023039045160362738,0.023039013994787385,8.497197729161681e-05,8.498377723986966e-05,0.0032933873050627095,0.002905410601214389,6.307327310941256e-05,4.910924061248768e-05
processed_data_batch_37.npz,1.4505070919388128,1.4505061644578665,0.039002077139854464,0.039002311982888296,139.378603081779,139.37870150008675,1.0413175849459628,1.0413057189144472,0.023070577940695176,0.023070556069683272,0.00020486734368746135,0.00020481593945647115,0.003394520419159197,0.003008080745864543,0.0006417714235501241,0.0006715305863283823
processed_data_batch_38.npz,1.4543956291299602,1.454394463652624,0.035598428308335026,0.035598803587615815,139.25081020740646,139.25094538058,0.9205700687688039,0.9205543728799058,0.023036179316471353,0.023036120494845866,0.0001049621150595092,0.00010493392420385947,0.0033403483372951522,0.0029568226042279502,0.0005061140154077472,0.0005250981759186975
processed_data_batch_39.npz,1.4571504533798,1.4571496026228938,0.037584669181410645,0.037584302474374234,139.27077204889724,139.2708488147615,0.31074100490952256,0.31069693885850647,0.0230865103636756,0.02308651945249303,9.324328650310927e-05,9.322451722630679e-05,0.003289232999555879,0.00291150281823061,6.301547804590875e-05,5.1802503915431616e-05
processed_data_batch_40.npz,1.4443603212572573,1.444359207813738,0.06032578889610832,0.06032585726561773,139.15800298383135,139.15812774132237,1.6344330632986244,1.6344103470635816,0.023101020181843658,0.023100975392746883,0.0002966232739782041,0.00029659548145408366,0.003404552997952759,0.0030267571106897028,0.0007953100909482186,0.0008273516700455908
processed_data_batch_41.npz,1.4528091880656002,1.4528082366365274,0.03236375101517973,0.032364023910019066,139.1421083397477,139.1422237648392,0.3719026578331964,0.37191165855071745,0.023100724549505458,0.023100663741111832,0.0002018833662523896,0.00020187407880587377,0.003325010238172899,0.002938862621441382,0.00019703786612929858,0.00020863004938864922
processed_data_batch_42.npz,1.4373936059647479,1.437392708290425,0.07157592831449884,0.0715757582253664,139.03963173153466,139.03973992602477,0.3286134420399813,0.3286107724091825,0.02309841444201542,0.023098356298129404,9.14649110095394e-05,9.146886857555717e-05,0.003294061687949248,0.002899920667729033,5.9161738445995695e-05,5.502984406736282e-05
processed_data_batch_43.npz,1.4466724943156801,1.4466712250206015,0.04748213846846734,0.04748224604958107,139.06089485589254,139.06105323313065,1.3236936831403374,1.3237115614010377,0.023083915537635936,0.02308382343894543,0.00023521837061199434,0.00023522682093397168,0.0033790802490796215,0.002995363158904838,0.000705552794185397,0.0007333215087996777
processed_data_batch_44.npz,1.4526600173851647,1.4526586973965028,0.038149820608533044,0.038149529517128994,138.6740863620697,138.67425125488433,0.33537260984386874,0.33532879702874885,0.0231338389078229,0.023133734316640873,0.00011145211881129232,0.00011146259009522607,0.0033110089754703675,0.0029146976735505378,8.905667934165277e-05,9.043623859752475e-05
processed_data_batch_45.npz,1.4481850461437498,1.448184063129866,0.03436729016194013,0.03436685314391644,138.45448506088368,138.45460707270536,0.31076156262393695,0.3107969178893813,0.02310171465936727,0.023101637947649745,9.931957531707874e-05,9.931965845176356e-05,0.0032987272389088437,0.0029052833254895986,6.358148969132525e-05,5.414754339252463e-05
processed_data_batch_46.npz,1.4351222837926265,1.4351209692962725,0.05608547235315725,0.056085283044928755,137.76018102857336,137.76034545725327,0.8284969112064569,0.8284867433344458,0.023160443258605924,0.023160341236177554,0.0002519924916909653,0.00025196491946154984,0.0033663537269577005,0.002975695549461604,0.0005488090043216783,0.0005690811853418929
processed_data_batch_47.npz,1.4310575223492321,1.4310564061503297,0.056671678046174775,0.05667159136581741,135.79779587405548,135.79793172651318,0.3974144674826101,0.3973911573336558,0.023181960002024566,0.023181881987997626,9.459843721476148e-05,9.457902532925156e-05,0.0032920909835552044,0.0028928012692223926,6.734094600082102e-05,5.7174861310543346e-05
processed_data_batch_48.npz,1.36422331990843,1.364222154007456,0.052940994447179486,0.052941104605154166,121.67679504484435,121.67692811518282,1.971050480150279,1.9710372940664769,0.023140796784379514,0.023140717088725424,8.638688048292668e-05,8.635915429506589e-05,0.003231017210560068,0.0028260404236619225,6.157941604623655e-05,5.62638108227401e-05
processed_data_batch_49.npz,0.995750955092235,0.9957490899570791,0.04812618678590567,0.04812686162776068,68.8661067308073,68.86625133022417,3.7720587087964277,3.7720033087820024,0.023094756643777047,0.023094699069321586,7.538620186618893e-05,7.539150078787383e-05,0.0030310885747051267,0.0026165264946380637,9.455218389977076e-05,9.100848163685344e-05
processed_data_batch_50.npz,0.29919683843133954,0.29919067954185075,0.036654722312066186,0.03665611518958052,26.262782092553625,26.263358319497243,1.5162234272767983,1.51608425685517,0.023009591755419757,0.023009532540118387,5.35164637642142e-05,5.350932045593957e-05,0.0028973375772951915,0.0024391815743827977,5.9417845082210045e-05,5.009407857655691e-05
processed_data_batch_51.npz,0.047593101465030804,0.04757329429763621,0.005443588873016214,0.0054452331469253675,13.796832427064025,13.80283438493404,0.4723913253363823,0.47168324632627234,0.023008312222089707,0.023008205936512698,5.6607606096925275e-05,5.6613040747486706e-05,0.002873926530551351,0.002425984145972891,5.673400527955817e-05,4.6139643985066445e-05
processed_data_batch_52.npz,0.04430710853881653,0.044289552002226236,0.00473480846584096,0.004739073533807234,13.598744909271494,13.604465131021186,0.446439661010424,0.4458994405092729,0.0230402298574431,0.023040135244429306,5.841357060864616e-05,5.84144426960032e-05,0.0028892185469374197,0.002428380231647604,5.8270311768679107e-05,4.640915410148506e-05
processed_data_batch_53.npz,0.26392754883284797,0.26392103715226567,0.036210384212617054,0.036213399344233385,24.842729129263017,24.843402025363286,1.4548055130082869,1.4544705544865761,0.023043075005886104,0.023043018361332882,6.026890285795446e-05,6.02711587249923e-05,0.002894186807742787,0.0024416223483465947,5.885610597006977e-05,4.132919140842347e-05
processed_data_batch_54.npz,0.9587347394169576,0.958732058730188,0.0541390036208444,0.05413922952617872,66.04440470181311,66.04460679580824,3.8375406008314363,3.8375066345112856,0.023125078653990112,0.023125012470832096,9.076147747671947e-05,9.077643206507838e-05,0.003044624857944076,0.0026105633992202014,0.00018933941155048074,0.0001954638657737519
processed_data_batch_55.npz,1.3591020545803272,1.3591007612490353,0.050034816454501925,0.05003480014633678,120.57890676704075,120.5790520862979,2.4317974278272425,2.4318220833230892,0.023238451344097945,0.023238367327451298,0.00010429938684661245,0.00010427731894919924,0.003224540961269904,0.002825151829204189,6.104013622512638e-05,5.0676332486652746e-05
processed_data_batch_56.npz,1.428923626654101,1.428922198712908,0.04765291259804584,0.047653360797284175,135.83887014855438,135.83904276628368,0.4719142577587858,0.47187517688638125,0.023229603086701807,0.023229510583380766,0.00011778930895025651,0.00011780623305282471,0.003324936443659503,0.0029365441259315513,0.00024892311167686265,0.0002620816687882103
processed_data_batch_57.npz,1.4183601513348423,1.4183589690885037,0.06428742404438408,0.06428782075869963,137.8589810255524,137.859139951593,0.3164155116308141,0.316430676923472,0.023244211483968977,0.02324410572031624,9.12984206147704e-05,9.130519230138008e-05,0.0032958059307660703,0.002892151604247457,6.380385439119116e-05,5.6411396803406355e-05
processed_data_batch_58.npz,1.4314323530795383,1.431431477688157,0.05745657461855172,0.05745650838506124,138.4223856347643,138.42250045031943,0.3469445559094521,0.34690067945177083,0.023278718682297937,0.02327864098467354,0.00011552617587510339,0.00011553848146825992,0.003297352954977113,0.0029114217801545837,6.48575593100257e-05,6.83268662093878e-05
processed_data_batch_59.npz,1.4377854393767795,1.4377844707950105,0.04611184582124244,0.04611183959376612,138.7847453707744,138.78486962888704,0.30431872789841047,0.30436333129383075,0.023199892181935463,0.023199813523593498,8.782147191531473e-05,8.783912857887741e-05,0.0033067078168696694,0.00290762289250446,5.8364000090024165e-05,5.235020508399109e-05
processed_data_batch_60.npz,1.437387491714347,1.4373862982718704,0.06208894841523612,0.06208915025866029,138.97037867116643,138.97053929002988,0.5301178688437798,0.5301067673024316,0.02322744851857543,0.023227334991537545,0.00024625607811444827,0.00024627755811216986,0.003371039124728693,0.002986244019187865,0.0005367276118878777,0.0005634853267569824
processed_data_batch_61.npz,1.4359491338664816,1.4359480281962176,0.055265314143643364,0.05526546310353609,139.1747608205207,139.1749012428928,0.33535939134172493,0.3353923735689148,0.023222560854388452,0.023222478232978523,9.596303436803856e-05,9.598898074233477e-05,0.0033009505551240366,0.0029142996927880747,6.232251613262186e-05,4.850148935552972e-05
processed_data_batch_62.npz,1.4280424840563144,1.4280411625175327,0.05984726776738144,0.05984747259652819,139.21093318457534,139.21111145471295,0.5075262157287739,0.5075336994235718,0.02324079414233236,0.023240671578801476,0.0002540397999421163,0.0002540066437321322,0.0033774715945248273,0.0029764028983181173,0.0005298407686668904,0.0005544870121390148
processed_data_batch_63.npz,1.4277737529813612,1.4277725218791213,0.07234690462206102,0.07234692594885597,139.26159587634592,139.26174738594958,0.5987018844293626,0.5987200703603819,0.023274062521912074,0.023273985485112104,0.0001001080528998059,0.00010009519172943343,0.003324407953264462,0.0029359479442204297,0.0002109988445340188,0.000225318404752739
processed_data_batch_64.npz,1.4231478986219626,1.4231464133138738,0.06517016436115723,0.06517005023388105,139.40325205463432,139.4034416891634,1.2065795530342016,1.206606436764366,0.02328188780093266,0.023281774896223642,0.00028668064823210904,0.00028669285635086133,0.003397725691314218,0.0030149087059284808,0.0008969569363461895,0.0009294419939246691
processed_data_batch_65.npz,1.4307670590237858,1.4307661427301734,0.046827694303020063,0.04682779961531001,139.35477480255256,139.35489020797908,0.31666330624006656,0.31669061368905904,0.023271018854285414,0.02327095408911193,9.923972709066303e-05,9.921974760504588e-05,0.003308300848431592,0.0029106187134198807,6.25124030812671e-05,5.403523993589982e-05
processed_data_batch_66.npz,1.4288252131437464,1.4288238811536011,0.0551717495237348,0.05517203706158843,139.43604253068176,139.4362128958289,0.7645398128818566,0.7645632318659777,0.023281014386371847,0.02328091576491369,0.00026273295344718514,0.0002627387627729499,0.00336163727482537,0.002967394637300047,0.0004833427675058603,0.0005030273409818014
processed_data_batch_67.npz,1.4316358991157734,1.4316349967697273,0.06137481786636372,0.06137483280265982,139.38977798701467,139.38987797215304,1.0220820578206664,1.022067693639238,0.02328172773076344,0.02328169855712331,0.0001065204872225783,0.00010652515542016713,0.00336574137979009,0.0029793779266265837,0.0006673529535769085,0.0006941183126980068
processed_data_batch_68.npz,1.4187321388504963,1.4187306771720456,0.07329619443229268,0.07329630130418856,139.53815481497267,139.53834577895444,1.3468630836894158,1.3468406624792457,0.023241384909571464,0.023241269273973207,0.0004940069259804752,0.0004940011001429064,0.0033878091020164954,0.0029904897251986384,0.001124240572729224,0.0011493087112259067
processed_data_batch_69.npz,1.4226207678811684,1.4226198604671685,0.06514275146521975,0.0651428352488946,139.50065569715548,139.50077554881688,0.35453626053494747,0.35449698008278163,0.023260980958520583,0.02326090425072457,9.747917659207781e-05,9.747033534705147e-05,0.00331026545729568,0.002913152047623225,0.00010268892429127488,0.0001039088939885035
processed_data_batch_70.npz,1.4167706005361747,1.4167697554282415,0.058615640114143636,0.05861561991945147,139.53532399786607,139.53543172860796,0.2981947129206792,0.2982387739301342,0.023312288768415786,0.02331222811337182,9.127261313665408e-05,9.127682631771376e-05,0.003295180299061234,0.002899016008439305,6.260432138363752e-05,5.058130294808363e-05
processed_data_batch_71.npz,1.4231285666078786,1.423126991749719,0.06129929134953937,0.06129917005862999,139.52330826401075,139.52349480274665,0.6215915632122438,0.6215956956619105,0.023236125956714145,0.023236043435368472,0.00014481951068778,0.00014478254246455148,0.003334509372118323,0.0029320525330908337,0.00023967740035858557,0.0002474210314502962
processed_data_batch_72.npz,1.4300220082995425,1.430021076616226,0.046092918500038556,0.04609331147431535,139.53931221337382,139.53943050920225,0.36139182628235056,0.36135964704645734,0.023240577875511204,0.02324051236245386,9.998745768561296e-05,9.998593408306114e-05,0.003303219924181439,0.0029016840270103105,5.759149930287729e-05,4.981410501322836e-05
processed_data_batch_73.npz,1.4288898384871247,1.4288884008833642,0.06569588898622766,0.06569584547859227,139.36308852639422,139.363247163703,1.711890837379858,1.7118852305832553,0.023302286504201603,0.023302240964450417,0.0003884989153685373,0.0003885125926957006,0.003443960134719773,0.003041735502294317,0.0011371559927739671,0.0011723873004637435
processed_data_batch_74.npz,1.4261469360254497,1.4261456332451143,0.05725079774284127,0.057250821394818935,139.5528600360879,139.55301918626589,0.34091714175752214,0.3409343738323549,0.023323954847906496,0.023323874765967978,8.480717767491484e-05,8.481197720434343e-05,0.0033119040785732556,0.002901180035391079,6.770808546728915e-05,5.210809708780409e-05
processed_data_batch_75.npz,1.4130856117124433,1.4130845631751083,0.07340505786932255,0.07340478063657485,139.51585403647718,139.5159759652472,0.5316980761616692,0.531661980726536,0.023380683300129133,0.02338063454295245,0.00017526653620431328,0.00017525681941371265,0.003371404364277779,0.0029718240242505942,0.00037650632678192306,0.0004050096759316021
processed_data_batch_76.npz,1.4275296691547994,1.4275285656243601,0.04912026619360987,0.0491203060484447,139.52798210723338,139.52811656258683,0.303617862026413,0.3036212134036047,0.02347465355614067,0.02347458709277977,0.00010937732982217126,0.00010938383635414847,0.003313214777138913,0.0029039579594625814,5.882208519659765e-05,4.977280150385297e-05
processed_data_batch_77.npz,1.4267779704317887,1.4267768963808738,0.05469908010123171,0.05469918478380418,139.4901498381113,139.49028217321057,0.9416261917138381,0.9416227095940415,0.023429540848978202,0.02342947270542713,0.00022742927875028785,0.00022740609035522356,0.0033685095812993047,0.002970981363605227,0.0004743354957571384,0.0004981152652793397
processed_data_batch_78.npz,1.430823241185766,1.4308221807563928,0.04731229243749504,0.04731205938188588,139.56912419222837,139.56924476006532,0.3172542816241406,0.31726493618233803,0.023472506744474677,0.023472461433560167,8.910589170157572e-05,8.909343835866185e-05,0.0033109973829843087,0.0029076391601614913,5.753515403487978e-05,5.086874838180524e-05
processed_data_batch_79.npz,1.4251408912367427,1.4251397693500225,0.05313678790106524,0.05313675384848089,139.61668568548578,139.61680377562058,0.6059502736212945,0.6059767390940393,0.023456785315191866,0.023456766217742862,0.00016445774808573007,0.0001644518806866346,0.003358805467936742,0.002950975993763878,0.0004247892892595057,0.0004485566174080406
processed_data_batch_80.npz,1.4310288024088278,1.4310274408736035,0.04470649345397868,0.044706336341508154,139.6095447126846,139.6096791703823,0.5102496228177793,0.5102567784311353,0.023455406646665445,0.023455402533139116,9.235334534335985e-05,9.236355479909158e-05,0.0033270216384119443,0.0029253575905525825,0.00019365967574081944,0.00020580111455186965
processed_data_batch_81.npz,1.4300495634886556,1.4300481538846406,0.05795640072468994,0.057956384232626994,139.62359032702884,139.6237303749138,0.33799742978593456,0.337972193182853,0.02348683824996085,0.023486832344957152,0.00015640875286042553,0.00015642568966923795,0.0033431909448482407,0.0029367730391191066,0.00022754577811502305,0.0002442335802812798
processed_data_batch_82.npz,1.4226087506729497,1.4226077599273808,0.050485145726582414,0.050485030580911146,139.63763404768173,139.63773097295854,0.3135524153697235,0.3135564517215429,0.023427438972704648,0.023427438939332676,0.0002108043522494533,0.00021082576635617927,0.003343705275687619,0.0029319455409336686,0.00028657261453613294,0.00030252934711542804
processed_data_batch_83.npz,1.434618866896286,1.4346181530479916,0.04623751822508541,0.04623742189423131,139.6989208496252,139.69898553832655,1.404616765906983,1.4045623348097285,0.023446355238369982,0.023446365936622224,0.00022465422196896057,0.00022462879501431213,0.0033860805239425916,0.002981274366868945,0.0008346446808720014,0.0008577924663849227
processed_data_batch_84.npz,1.427722995141357,1.4277215119243432,0.06410828148738598,0.06410826099036142,139.4810535364416,139.48120027261896,0.7883177647119937,0.7883309589673028,0.023465507681397504,0.023465503928497496,0.00013504148819243623,0.00013506435300014312,0.00336663450426727,0.002959545821982895,0.00042869891228154505,0.00045724863274873887
processed_data_batch_85.npz,1.4199313405817702,1.4199298932132327,0.05936002817983368,0.05935980113464877,139.62664089932474,139.62678724595042,1.1456520280616325,1.1456460996992335,0.023643852106532394,0.0236438406105597,0.00031040290064741845,0.00031039949400780514,0.0033657869178123486,0.0029499365659798687,0.0006569400855471418,0.0006829589259236494
processed_data_batch_86.npz,1.4316547274536602,1.4316531523694087,0.04873375592336083,0.048733774284559904,139.4868070407967,139.48696462153248,0.3143442863588938,0.31430746240919577,0.02394124409432988,0.023941234676410433,0.00010881954853116023,0.00010884336657471487,0.003320430306550864,0.002913504632773565,6.050269112510901e-05,5.492409595947495e-05
processed_data_batch_87.npz,1.4299544744466703,1.4299531540172337,0.05154970308984758,0.051549523800249915,139.53720896962903,139.53734384425027,0.6296766353156856,0.629684596045094,0.0239253540369484,0.023925337368937722,0.0002393624325412068,0.0002393578122788237,0.0033830907049277772,0.002991105201180068,0.0005200328265373685,0.0005468992588707845
processed_data_batch_88.npz,1.4272364475643875,1.427235295652613,0.054745026838095845,0.05474504521278891,139.6627470901773,139.662860374303,0.898727811594597,0.8987082830888619,0.023948486788879102,0.02394848689354115,0.0002569454464127862,0.00025693675768332096,0.003362990029589931,0.00295331450366599,0.0005633343950385843,0.0005831284936316126
processed_data_batch_89.npz,1.4306435709056626,1.4306424479973219,0.05439528881105392,0.0543952920162065,139.68150258975393,139.68161240748418,0.8420368220366088,0.8420687792342028,0.023947938878878427,0.023947941108793978,0.0001554813432239193,0.00015548930735574977,0.0033628726766052695,0.002957634817736629,0.0005282346523057806,0.0005521520226999058
processed_data_batch_90.npz,1.4369617371124634,1.436960404537458,0.059765186607934694,0.059765225869661154,139.78513291252884,139.78526008078066,1.6946507940321487,1.6946438622846165,0.023932970988457637,0.023932978200881926,0.0003613438436307597,0.0003613413847871971,0.0034463947035431506,0.003049996462683567,0.0010696262823728794,0.0011065696271156187
processed_data_batch_91.npz,1.424898937678297,1.4248973886955445,0.06235168884834553,0.06235203177997668,139.60400154932174,139.60415582904542,0.3431717980083064,0.3431884392088125,0.024003354507353556,0.024003352662165234,0.00015213069715239465,0.00015215432063417665,0.0033321470646097808,0.0029261676028542586,0.0001728118043509458,0.00018500462343383156
processed_data_batch_92.npz,1.4361945652780117,1.4361937138525844,0.047913869220891685,0.047914110829654646,139.6312955555967,139.63137478619294,0.3134758486932855,0.3134853525310471,0.023961604464982193,0.023961616077804608,0.00010511933874520883,0.00010512870539971738,0.0033354606913706354,0.002923420107835241,9.767434168511817e-05,9.249155042270334e-05
processed_data_batch_93.npz,1.4342994885203157,1.4342976754667562,0.047818610881846635,0.04781826693882305,139.63008509165175,139.63026959488533,0.3422800846414203,0.34229019826805157,0.02393981356922859,0.023939791213264935,0.0001301699485239757,0.00013018129038690863,0.0033348099496427665,0.002927752386428391,0.00013705948216863955,0.00014335475151211466
processed_data_batch_94.npz,1.4357387040213971,1.4357373622082599,0.04264219182108416,0.04264236172467901,139.63238706952174,139.6325183054853,0.7613321442016556,0.7613341638075068,0.023868309103966007,0.023868309645491723,0.00023013721404630737,0.0002301312253241789,0.0034459767638256606,0.0030268690748274296,0.0008741013130155066,0.0009114605647838716
processed_data_batch_95.npz,1.4331380215048046,1.4331366526393168,0.06009014145929838,0.06009013926485379,139.6108640243375,139.61099598128112,0.43827101626022685,0.43824255471785134,0.023768980277052522,0.023768982700771477,0.00017638985920862785,0.00017636983832175726,0.003365217182364044,0.002953476361871839,0.0004372373265290054,0.0004578234503496232
processed_data_batch_96.npz,1.4316316222799461,1.4316301923080907,0.06734717885398923,0.06734717696781661,139.63305060256442,139.63319041503954,0.5874009474390056,0.5873824912942157,0.02383858053921862,0.023838580340588413,0.0001604085936530396,0.00016043262901980528,0.0033484877161191113,0.0029375399414690094,0.00022257500555505073,0.00023846942755379998
processed_data_batch_97.npz,1.42504215770499,1.4250409471897478,0.06237063880447016,0.06237052006515386,139.616123636089,139.61623511756756,0.3089012660046777,0.3089007854467371,0.024037181820639433,0.02403719871478642,0.00014256665423033059,0.00014255617200787442,0.003329376848736775,0.0029196068839869916,8.362411828150175e-05,8.463689674106832e-05
processed_data_batch_98.npz,1.439087739797784,1.4390864324608534,0.046692593855123705,0.04669245568476357,139.69755989479458,139.69768663323495,0.32342823279344957,0.3234264405809102,0.023957894845290796,0.023957893591799524,9.963673132546962e-05,9.962166554812856e-05,0.003319108461830473,0.002914500929013252,5.9266826279258866e-05,5.183785936015433e-05
processed_data_batch_99.npz,1.4350066878878613,1.4350055213150013,0.05036763980977625,0.05036755660772016,139.54602312442736,139.54614755465946,0.9863616407331234,0.9863527362895014,0.02385111482025388,0.02385108589171626,0.00019307555119705798,0.00019307241277769616,0.0033635000310176426,0.0029629897530507065,0.000492911475567849,0.0005127891564704056
processed_data_batch_100.npz,1.4292386598749631,1.4292374663954668,0.06071865137366279,0.06071856391475958,139.57474941232175,139.57486752917575,0.39790674265221215,0.3979308847360364,0.023738090607489264,0.023738088274511432,0.00021004933093465663,0.00021005529248111106,0.00336007347123172,0.0029512699389528814,0.0002933206171596145,0.0003168519957694658
processed_data_batch_101.npz,1.4382537498557106,1.4382526608985169,0.04591194600521112,0.045911842935723556,139.6428321102582,139.64294915723835,0.2861824012075632,0.28617591592262087,0.023794133680681392,0.023794104367587773,9.324824026638407e-05,9.323393313405739e-05,0.0033294202843184737,0.0029156682381224937,6.350023407840148e-05,5.119867507629824e-05
