filename,signals_in_file,signals_fitted,signals_passed_qc,signals_skipped_qc,signals_failed_to_fit,B_mean_after_qc,B_mean_before_qc,B_std_after_qc,B_std_before_qc,I0_mean_after_qc,I0_mean_before_qc,I0_std_after_qc,I0_std_before_qc,residuals_std_mean_after_qc,residuals_std_mean_before_qc,residuals_std_std_after_qc,residuals_std_std_before_qc,tau_mean_after_qc,tau_mean_before_qc,tau_std_after_qc,tau_std_before_qc
processed_data_batch_1.npz,150,150,65,85,0,0.020254,0.020313,0.000189,0.000238,1.448117,1.435392,0.028505,0.055654,0.003368,0.003912,0.000161,0.001946,139.541861,139.330020,0.459305,2.099214
processed_data_batch_2.npz,150,150,82,68,0,0.019114,0.019174,0.000500,0.000519,1.446527,1.445551,0.036262,0.037363,0.003290,0.003295,0.000058,0.000060,139.986562,139.951979,0.230363,0.245256
processed_data_batch_3.npz,150,150,91,59,0,0.018275,0.018282,0.000102,0.000094,1.453151,1.456597,0.030669,0.028412,0.003294,0.003296,0.000066,0.000066,139.641482,139.635819,0.208811,0.214288
processed_data_batch_4.npz,150,150,92,58,0,0.018144,0.018142,0.000077,0.000078,1.449396,1.447790,0.029582,0.033238,0.003294,0.003297,0.000060,0.000060,139.734504,139.716295,0.283664,0.284245
processed_data_batch_5.npz,150,150,87,63,0,0.018211,0.018208,0.000082,0.000085,1.418379,1.421462,0.069005,0.066524,0.003272,0.003279,0.000060,0.000064,140.016787,140.012225,0.150645,0.156604
processed_data_batch_6.npz,150,150,89,61,0,0.018331,0.018327,0.000075,0.000075,1.444492,1.442455,0.040337,0.039443,0.003306,0.003298,0.000061,0.000059,139.860466,139.860577,0.223266,0.203325
processed_data_batch_7.npz,150,150,84,66,0,0.018355,0.018354,0.000076,0.000073,1.447909,1.444768,0.028093,0.034387,0.003308,0.003293,0.000058,0.000063,139.849161,139.849904,0.210564,0.221939
processed_data_batch_8.npz,150,150,80,70,0,0.018387,0.018387,0.000081,0.000083,1.455706,1.454546,0.025955,0.028029,0.003303,0.003298,0.000056,0.000061,139.730252,139.727374,0.277886,0.273092
processed_data_batch_9.npz,150,150,91,59,0,0.018334,0.018334,0.000095,0.000087,1.443704,1.441848,0.037760,0.039565,0.003309,0.003305,0.000058,0.000061,140.041871,140.049372,0.200492,0.189785
processed_data_batch_10.npz,150,150,83,67,0,0.018413,0.018408,0.000081,0.000084,1.446265,1.437625,0.032512,0.041488,0.003298,0.003293,0.000066,0.000063,139.789389,139.813951,0.227616,0.218672
processed_data_batch_11.npz,150,150,94,56,0,0.018405,0.018403,0.000085,0.000095,1.440995,1.440193,0.034458,0.049604,0.003317,0.003356,0.000144,0.000510,139.860787,139.761776,0.415666,0.758134
processed_data_batch_12.npz,150,150,80,70,0,0.018367,0.018385,0.000098,0.000108,1.444740,1.437650,0.033125,0.048800,0.003360,0.003515,0.000401,0.001063,139.526698,139.372545,0.721089,1.649722
processed_data_batch_13.npz,150,150,68,82,0,0.018310,0.018310,0.000121,0.000160,1.442972,1.440883,0.028109,0.035721,0.003335,0.003559,0.000178,0.001435,139.413692,139.098074,0.478089,1.909731
processed_data_batch_14.npz,150,150,90,60,0,0.018258,0.018242,0.000119,0.000156,1.441067,1.435935,0.033793,0.043749,0.003310,0.003563,0.000106,0.001343,138.387965,138.432891,0.301241,1.743974
processed_data_batch_15.npz,150,150,84,66,0,0.018488,0.018507,0.000169,0.000186,1.412427,1.409994,0.029540,0.039946,0.003295,0.003432,0.000101,0.001313,131.958013,131.878628,0.399133,0.832725
processed_data_batch_16.npz,150,150,61,89,0,0.018828,0.018862,0.000256,0.000243,1.327223,1.326073,0.039138,0.033967,0.003224,0.003303,0.000176,0.000639,112.835585,112.792168,0.727125,1.008477
processed_data_batch_17.npz,150,150,46,104,0,0.019311,0.019296,0.000138,0.000130,1.150800,1.153617,0.036900,0.034736,0.003107,0.003247,0.000062,0.001202,86.581317,86.718909,0.689236,1.043284
processed_data_batch_18.npz,150,150,31,119,0,0.019963,0.020000,0.000283,0.000274,1.028653,1.027966,0.029460,0.024578,0.003163,0.003061,0.000589,0.000275,72.063594,72.064622,0.332708,0.278839
processed_data_batch_19.npz,150,150,29,121,0,0.020811,0.020775,0.000207,0.000210,1.057641,1.061660,0.047941,0.034980,0.003060,0.003062,0.000053,0.000184,75.814930,75.720855,0.455289,0.485464
processed_data_batch_20.npz,150,150,54,96,0,0.021161,0.021178,0.000134,0.000124,1.238441,1.231012,0.022180,0.030113,0.003133,0.003133,0.000051,0.000058,96.624692,96.649346,1.039377,1.043742
processed_data_batch_21.npz,150,150,65,85,0,0.021638,0.021632,0.000099,0.000096,1.378314,1.375257,0.031907,0.037591,0.003236,0.003235,0.000054,0.000057,122.812247,122.796188,0.862925,0.847871
processed_data_batch_22.npz,150,150,81,69,0,0.021834,0.021828,0.000091,0.000089,1.423241,1.430124,0.065755,0.053585,0.003282,0.003286,0.000061,0.000061,136.079844,136.076907,0.376173,0.358195
processed_data_batch_23.npz,150,150,80,70,0,0.021991,0.021996,0.000089,0.000087,1.439535,1.437250,0.051770,0.057151,0.003298,0.003292,0.000058,0.000061,139.151791,139.178915,0.256200,0.257296
processed_data_batch_24.npz,150,150,83,67,0,0.022156,0.022153,0.000083,0.000089,1.436430,1.432599,0.053765,0.056458,0.003295,0.003290,0.000068,0.000061,139.456525,139.468369,0.258772,0.263732
processed_data_batch_25.npz,150,150,77,73,0,0.022284,0.022273,0.000096,0.000120,1.450624,1.444763,0.036750,0.053767,0.003332,0.003445,0.000187,0.000941,139.557714,139.525224,0.407311,1.271475
processed_data_batch_26.npz,150,150,87,63,0,0.022369,0.022369,0.000082,0.000083,1.456514,1.450388,0.032909,0.046993,0.003310,0.003318,0.000066,0.000110,139.683632,139.699756,0.378012,0.404419
processed_data_batch_27.npz,150,150,74,76,0,0.022438,0.022447,0.000089,0.000091,1.454221,1.452166,0.036736,0.039432,0.003316,0.003311,0.000056,0.000057,139.596147,139.580027,0.256838,0.256216
processed_data_batch_28.npz,150,150,85,65,0,0.022534,0.022526,0.000079,0.000074,1.457821,1.454729,0.024627,0.028697,0.003306,0.003303,0.000053,0.000057,139.704168,139.711811,0.260022,0.258240
processed_data_batch_29.npz,150,150,81,69,0,0.022573,0.022573,0.000085,0.000081,1.435860,1.429867,0.052853,0.068268,0.003301,0.003295,0.000060,0.000060,139.705308,139.726035,0.238602,0.242222
processed_data_batch_30.npz,150,150,81,69,0,0.022642,0.022639,0.000084,0.000106,1.441310,1.444356,0.055505,0.052026,0.003314,0.003394,0.000177,0.000597,139.636510,139.769853,0.327336,1.140032
processed_data_batch_31.npz,150,150,84,66,0,0.022670,0.022675,0.000079,0.000097,1.450717,1.449168,0.036353,0.035501,0.003310,0.003356,0.000061,0.000581,139.634820,139.565829,0.290231,0.755033
processed_data_batch_32.npz,150,150,74,76,0,0.022718,0.022724,0.000074,0.000074,1.445767,1.449660,0.042974,0.038778,0.003311,0.003307,0.000061,0.000062,139.683350,139.669350,0.267755,0.269605
processed_data_batch_33.npz,150,150,83,67,0,0.022704,0.022709,0.000082,0.000082,1.458224,1.449771,0.038912,0.047748,0.003300,0.003300,0.000064,0.000061,139.695145,139.678742,0.213050,0.227174
processed_data_batch_34.npz,150,150,94,56,0,0.022721,0.022708,0.000091,0.000104,1.451305,1.450062,0.039517,0.042307,0.003317,0.003351,0.000162,0.000510,139.667105,139.702814,0.406165,0.655651
processed_data_batch_35.npz,150,150,92,58,0,0.022709,0.022711,0.000087,0.000081,1.442718,1.443812,0.044781,0.046902,0.003314,0.003315,0.000060,0.000063,139.608353,139.603412,0.301409,0.290925
processed_data_batch_36.npz,150,150,78,72,0,0.022679,0.022673,0.000083,0.000077,1.453952,1.447953,0.040734,0.049701,0.003305,0.003301,0.000067,0.000065,139.599815,139.571107,0.272019,0.261644
processed_data_batch_37.npz,150,150,73,77,0,0.022686,0.022690,0.000085,0.000106,1.453498,1.449767,0.036628,0.039082,0.003374,0.003418,0.000323,0.000682,139.592721,139.598470,0.588241,1.042151
processed_data_batch_38.npz,150,150,75,75,0,0.022686,0.022688,0.000083,0.000095,1.452276,1.454097,0.035624,0.035583,0.003307,0.003348,0.000062,0.000509,139.505944,139.395424,0.308880,0.984727
processed_data_batch_39.npz,150,150,77,73,0,0.022719,0.022720,0.000075,0.000077,1.450722,1.456554,0.041723,0.037495,0.003302,0.003298,0.000069,0.000065,139.461436,139.466550,0.248033,0.262036
processed_data_batch_40.npz,150,150,68,82,0,0.022697,0.022700,0.000096,0.000133,1.448237,1.443280,0.047853,0.060866,0.003309,0.003432,0.000067,0.000933,139.408155,139.435836,0.367504,1.391422
processed_data_batch_41.npz,150,150,86,64,0,0.022717,0.022723,0.000080,0.000092,1.455680,1.452126,0.029046,0.032723,0.003326,0.003344,0.000077,0.000305,139.283789,139.355454,0.350999,0.529011
processed_data_batch_42.npz,150,150,85,65,0,0.022733,0.022733,0.000079,0.000081,1.434370,1.436863,0.076413,0.071612,0.003301,0.003302,0.000065,0.000060,139.212425,139.228981,0.286367,0.288588
processed_data_batch_43.npz,150,150,87,63,0,0.022736,0.022737,0.000083,0.000104,1.443476,1.446389,0.052926,0.047123,0.003337,0.003398,0.000207,0.000758,139.137960,139.198892,0.487052,1.034980
processed_data_batch_44.npz,150,150,85,65,0,0.022767,0.022766,0.000080,0.000078,1.455183,1.452133,0.031322,0.038245,0.003319,0.003321,0.000065,0.000106,138.836025,138.862582,0.291749,0.352184
processed_data_batch_45.npz,150,150,73,77,0,0.022744,0.022740,0.000095,0.000092,1.450532,1.447745,0.033079,0.034301,0.003314,0.003306,0.000065,0.000065,138.623100,138.627814,0.261751,0.263634
processed_data_batch_46.npz,150,150,76,74,0,0.022777,0.022780,0.000082,0.000088,1.431880,1.434417,0.063609,0.056106,0.003322,0.003392,0.000079,0.000685,138.010149,137.975597,0.274649,0.501307
processed_data_batch_47.npz,150,150,83,67,0,0.022817,0.022811,0.000079,0.000073,1.433105,1.430459,0.061596,0.056648,0.003305,0.003301,0.000079,0.000072,135.919441,135.994474,0.360131,0.360157
processed_data_batch_48.npz,150,150,74,76,0,0.022786,0.022780,0.000069,0.000067,1.370322,1.363828,0.049011,0.052992,0.003239,0.003238,0.000059,0.000062,122.045895,121.831803,2.038677,1.997892
processed_data_batch_49.npz,150,150,30,120,0,0.022728,0.022722,0.000060,0.000069,1.001830,0.995137,0.040021,0.048430,0.003027,0.003038,0.000052,0.000103,69.069527,69.007654,3.315344,3.752245
processed_data_batch_50.npz,150,150,0,150,0,,0.022634,,0.000058,,0.298955,,0.036628,,0.002899,,0.000060,,26.382480,,1.514512
processed_data_batch_51.npz,150,150,0,150,0,,0.022637,,0.000064,,0.047747,,0.005398,,0.002874,,0.000057,,13.893429,,0.486634
processed_data_batch_52.npz,150,150,0,150,0,,0.022665,,0.000063,,0.044452,,0.004709,,0.002889,,0.000058,,13.700026,,0.462088
processed_data_batch_53.npz,150,150,0,150,0,,0.022668,,0.000065,,0.263741,,0.036154,,0.002895,,0.000059,,24.961368,,1.455353
processed_data_batch_54.npz,150,150,18,132,0,0.022768,0.022744,0.000073,0.000068,0.962544,0.958001,0.061317,0.054604,0.003051,0.003055,0.000063,0.000237,68.281230,66.201230,2.023875,3.825066
processed_data_batch_55.npz,150,150,67,83,0,0.022862,0.022860,0.000073,0.000080,1.355380,1.358355,0.051771,0.049928,0.003238,0.003235,0.000063,0.000064,120.855160,120.783399,2.306736,2.478893
processed_data_batch_56.npz,150,150,74,76,0,0.022866,0.022870,0.000081,0.000080,1.426626,1.428467,0.049711,0.047429,0.003313,0.003335,0.000083,0.000259,135.987350,136.008997,0.372828,0.401875
processed_data_batch_57.npz,150,150,69,81,0,0.022883,0.022880,0.000076,0.000077,1.418123,1.417857,0.059123,0.064324,0.003307,0.003304,0.000066,0.000065,138.041646,138.044216,0.265311,0.262564
processed_data_batch_58.npz,150,150,83,67,0,0.022919,0.022917,0.000079,0.000081,1.434438,1.430932,0.043047,0.057462,0.003316,0.003308,0.000089,0.000083,138.604082,138.605488,0.338826,0.330080
processed_data_batch_59.npz,150,150,81,69,0,0.022838,0.022834,0.000076,0.000075,1.437376,1.437250,0.038255,0.046112,0.003316,0.003315,0.000061,0.000060,138.976073,138.973454,0.269261,0.242010
processed_data_batch_60.npz,150,150,90,60,0,0.022828,0.022831,0.000083,0.000087,1.438542,1.436431,0.049094,0.062158,0.003315,0.003399,0.000089,0.000671,139.140265,139.232591,0.306317,0.932970
processed_data_batch_61.npz,150,150,82,68,0,0.022862,0.022868,0.000084,0.000083,1.427069,1.435579,0.066526,0.055211,0.003309,0.003308,0.000057,0.000063,139.344870,139.336877,0.278962,0.280927
processed_data_batch_62.npz,150,150,67,83,0,0.022866,0.022867,0.000082,0.000091,1.421781,1.427469,0.066746,0.059997,0.003327,0.003404,0.000074,0.000671,139.423620,139.411839,0.286517,0.962745
processed_data_batch_63.npz,150,150,89,61,0,0.022908,0.022917,0.000073,0.000080,1.435094,1.427330,0.046504,0.072406,0.003315,0.003332,0.000060,0.000217,139.489928,139.435508,0.270886,0.517798
processed_data_batch_64.npz,150,150,88,62,0,0.022926,0.022925,0.000098,0.000107,1.425267,1.422711,0.060532,0.065198,0.003318,0.003419,0.000143,0.000990,139.479191,139.575041,0.387264,1.088669
processed_data_batch_65.npz,150,150,87,63,0,0.022903,0.022906,0.000085,0.000081,1.426548,1.430240,0.049306,0.046895,0.003320,0.003316,0.000064,0.000063,139.524171,139.543990,0.263252,0.269919
processed_data_batch_66.npz,150,150,86,64,0,0.022927,0.022924,0.000102,0.000097,1.430016,1.428427,0.044786,0.055224,0.003359,0.003386,0.000264,0.000581,139.604039,139.602237,0.483892,0.570267
processed_data_batch_67.npz,150,150,89,61,0,0.022926,0.022925,0.000089,0.000109,1.425784,1.431146,0.070676,0.061280,0.003305,0.003374,0.000067,0.000671,139.674805,139.565714,0.300279,1.042484
processed_data_batch_68.npz,150,150,92,58,0,0.022915,0.022910,0.000084,0.000120,1.426162,1.418628,0.064749,0.073729,0.003304,0.003420,0.000063,0.001423,139.616581,139.649713,0.249256,0.457612
processed_data_batch_69.npz,150,150,69,81,0,0.022903,0.022908,0.000079,0.000077,1.423762,1.422287,0.053183,0.065101,0.003316,0.003317,0.000071,0.000104,139.681017,139.658950,0.291908,0.302960
processed_data_batch_70.npz,150,150,86,64,0,0.022958,0.022953,0.000087,0.000082,1.417677,1.416321,0.058489,0.058599,0.003303,0.003303,0.000066,0.000064,139.726347,139.714022,0.232848,0.231225
processed_data_batch_71.npz,150,150,81,69,0,0.022883,0.022875,0.000099,0.000100,1.420409,1.422721,0.071794,0.061178,0.003331,0.003345,0.000087,0.000253,139.647129,139.694124,0.306309,0.484555
processed_data_batch_72.npz,150,150,78,72,0,0.022881,0.022879,0.000077,0.000081,1.433709,1.429574,0.044238,0.046043,0.003317,0.003311,0.000059,0.000058,139.729379,139.716640,0.289070,0.286277
processed_data_batch_73.npz,150,150,78,72,0,0.022898,0.022908,0.000084,0.000117,1.423553,1.427859,0.079712,0.065541,0.003329,0.003475,0.000079,0.001370,139.708135,139.621427,0.231520,1.009062
processed_data_batch_74.npz,150,150,82,68,0,0.022964,0.022962,0.000069,0.000073,1.427572,1.425679,0.050367,0.057243,0.003323,0.003320,0.000063,0.000069,139.736715,139.733473,0.249688,0.273330
processed_data_batch_75.npz,150,150,73,77,0,0.023037,0.023029,0.000098,0.000100,1.410489,1.412781,0.077794,0.073198,0.003329,0.003389,0.000107,0.000415,139.679131,139.667779,0.395336,0.652566
processed_data_batch_76.npz,150,150,78,72,0,0.023115,0.023112,0.000084,0.000093,1.433079,1.427056,0.044881,0.049119,0.003323,0.003321,0.000060,0.000061,139.695404,139.709447,0.234751,0.238756
processed_data_batch_77.npz,150,150,84,66,0,0.023081,0.023082,0.000102,0.000107,1.430164,1.426474,0.054431,0.054910,0.003332,0.003394,0.000192,0.000537,139.787398,139.639691,0.380823,0.989398
processed_data_batch_78.npz,150,150,77,73,0,0.023107,0.023110,0.000071,0.000072,1.426952,1.430337,0.050024,0.047279,0.003314,0.003319,0.000065,0.000059,139.760729,139.752322,0.219637,0.246226
processed_data_batch_79.npz,150,150,78,72,0,0.023110,0.023095,0.000092,0.000093,1.431106,1.424728,0.047701,0.053364,0.003316,0.003375,0.000056,0.000484,139.758778,139.791826,0.270757,0.873193
processed_data_batch_80.npz,150,150,85,65,0,0.023090,0.023083,0.000070,0.000076,1.432060,1.430405,0.043534,0.044713,0.003330,0.003337,0.000061,0.000199,139.771206,139.817363,0.287996,0.527702
processed_data_batch_81.npz,150,150,84,66,0,0.023106,0.023109,0.000084,0.000079,1.426727,1.429382,0.065376,0.058014,0.003326,0.003359,0.000063,0.000316,139.809058,139.839217,0.271467,0.516263
processed_data_batch_82.npz,150,150,76,74,0,0.023082,0.023076,0.000073,0.000087,1.419180,1.422367,0.053207,0.050678,0.003338,0.003364,0.000164,0.000431,139.805127,139.784475,0.234174,0.585658
processed_data_batch_83.npz,150,150,78,72,0,0.023091,0.023086,0.000098,0.000127,1.438950,1.434183,0.034561,0.046063,0.003331,0.003398,0.000060,0.000870,139.803868,139.868543,0.270376,1.075081
processed_data_batch_84.npz,150,150,85,65,0,0.023083,0.023094,0.000085,0.000097,1.431226,1.427107,0.061113,0.064225,0.003327,0.003378,0.000057,0.000441,139.727025,139.684486,0.266368,0.727691
processed_data_batch_85.npz,150,150,78,72,0,0.023289,0.023301,0.000121,0.000119,1.416605,1.419689,0.062235,0.059596,0.003324,0.003387,0.000070,0.000806,139.737112,139.765549,0.217270,0.615452
processed_data_batch_86.npz,150,150,89,61,0,0.023583,0.023584,0.000091,0.000094,1.429223,1.431169,0.046069,0.048704,0.003332,0.003329,0.000061,0.000062,139.672758,139.668201,0.266080,0.263060
processed_data_batch_87.npz,150,150,85,65,0,0.023588,0.023586,0.000069,0.000103,1.435783,1.429762,0.050693,0.051174,0.003333,0.003406,0.000063,0.000632,139.670946,139.666739,0.233023,0.749215
processed_data_batch_88.npz,150,150,71,79,0,0.023622,0.023613,0.000081,0.000102,1.425372,1.427045,0.054518,0.054932,0.003323,0.003379,0.000062,0.000662,139.741856,139.791649,0.229953,0.496735
processed_data_batch_89.npz,150,150,80,70,0,0.023611,0.023594,0.000067,0.000095,1.437709,1.430197,0.045594,0.054294,0.003319,0.003373,0.000059,0.000550,139.795273,139.853387,0.264733,0.633448
processed_data_batch_90.npz,150,150,75,75,0,0.023641,0.023618,0.000067,0.000127,1.439558,1.436981,0.049518,0.059599,0.003318,0.003473,0.000060,0.001180,139.793387,139.866437,0.263716,1.193357
processed_data_batch_91.npz,150,150,84,66,0,0.023654,0.023663,0.000107,0.000100,1.422392,1.424665,0.068225,0.062430,0.003343,0.003343,0.000114,0.000200,139.778888,139.744142,0.350020,0.432049
processed_data_batch_92.npz,150,150,85,65,0,0.023600,0.023603,0.000081,0.000081,1.434410,1.435734,0.042499,0.048004,0.003343,0.003344,0.000075,0.000101,139.791696,139.809560,0.298696,0.276836
processed_data_batch_93.npz,150,150,78,72,0,0.023573,0.023578,0.000087,0.000084,1.431730,1.433758,0.050015,0.047790,0.003332,0.003347,0.000064,0.000178,139.821317,139.819908,0.272347,0.430261
processed_data_batch_94.npz,150,150,79,71,0,0.023525,0.023519,0.000097,0.000095,1.434738,1.435405,0.041237,0.042814,0.003330,0.003466,0.000070,0.000926,139.815455,139.784049,0.289266,0.583857
processed_data_batch_95.npz,150,150,83,67,0,0.023415,0.023405,0.000092,0.000092,1.433705,1.432653,0.052835,0.060149,0.003337,0.003380,0.000055,0.000486,139.814473,139.795927,0.227906,0.329499
processed_data_batch_96.npz,150,150,84,66,0,0.023455,0.023460,0.000139,0.000148,1.437231,1.430891,0.055246,0.067489,0.003332,0.003360,0.000063,0.000227,139.787270,139.859928,0.280859,0.601642
processed_data_batch_97.npz,150,150,90,60,0,0.023687,0.023685,0.000098,0.000092,1.428209,1.424684,0.062088,0.062416,0.003351,0.003342,0.000131,0.000112,139.740668,139.778980,0.383484,0.336175
processed_data_batch_98.npz,150,150,81,69,0,0.023603,0.023604,0.000075,0.000085,1.442218,1.438670,0.037166,0.046582,0.003333,0.003326,0.000067,0.000061,139.870907,139.866955,0.253683,0.258061
processed_data_batch_99.npz,150,150,78,72,0,0.023483,0.023481,0.000101,0.000118,1.433983,1.434293,0.054286,0.050238,0.003338,0.003377,0.000060,0.000555,139.817589,139.758012,0.267515,0.730898
processed_data_batch_100.npz,150,150,78,72,0,0.023370,0.023374,0.000080,0.000093,1.431318,1.428705,0.059703,0.060987,0.003343,0.003381,0.000058,0.000389,139.765546,139.766031,0.234885,0.681459
processed_data_batch_101.npz,150,150,81,69,0,0.023420,0.023437,0.000083,0.000083,1.446389,1.437854,0.032898,0.045915,0.003343,0.003336,0.000063,0.000064,139.789811,139.811077,0.240362,0.241013
