filename,condition,tau_mean_WLS,tau_std_WLS,tau_mean_OLS,tau_std_OLS,tau_mean_WLS_QC,tau_std_WLS_QC,tau_mean_OLS_QC,tau_std_OLS_QC
processed_data_batch_1.npz,2000,140.026556,10.054206,139.880315,10.577519,139.566768,0.999864,139.576802,0.948686
processed_data_batch_2.npz,2000,139.872299,0.991965,139.869061,0.960170,139.995509,0.813899,140.061468,0.885503
processed_data_batch_3.npz,2000,139.457506,0.979900,139.483883,0.918997,139.896493,1.101180,139.868306,0.958362
processed_data_batch_4.npz,2000,139.503587,1.053788,139.543074,1.005361,139.897753,1.211632,139.898494,1.192102
processed_data_batch_5.npz,2000,139.996498,1.065669,139.978316,1.131511,139.882363,0.456063,139.941943,0.566852
processed_data_batch_6.npz,2000,139.834815,1.033023,139.831640,1.036245,140.638805,0.816005,140.851408,0.873613
processed_data_batch_7.npz,2000,139.765051,0.917002,139.777745,0.976946,139.550436,0.936417,139.590269,1.010206
processed_data_batch_8.npz,2000,139.740313,1.058588,139.758552,1.059751,139.772530,1.113551,139.817679,1.027396
processed_data_batch_9.npz,2000,139.931429,0.911555,139.892255,0.955926,139.845246,0.885140,139.782343,0.877126
processed_data_batch_10.npz,2000,139.839615,1.053412,139.852812,1.005796,139.702761,0.887269,139.755252,0.830387
processed_data_batch_11.npz,2000,139.540883,1.305229,139.627600,0.974668,139.314251,0.879322,139.242880,0.696336
processed_data_batch_12.npz,2000,139.562007,1.606794,139.620396,1.864386,139.276152,0.943356,139.368400,0.879541
processed_data_batch_13.npz,2000,139.136192,3.900616,139.473883,5.802616,139.147930,0.724702,139.135916,0.640221
processed_data_batch_14.npz,2000,138.246641,5.020374,138.002276,4.054923,137.965094,0.671273,138.086786,0.751658
processed_data_batch_15.npz,2000,131.553924,4.201409,131.548805,4.287225,132.232471,0.962749,132.186320,0.986686
processed_data_batch_16.npz,2000,112.367463,1.858263,112.372637,1.676024,112.529150,0.953631,112.478700,1.103364
processed_data_batch_17.npz,2000,86.275711,2.306667,86.228800,2.747413,86.755144,0.814916,86.772271,0.865797
processed_data_batch_18.npz,2000,71.865713,0.522150,71.814377,0.787712,71.958064,0.337466,71.908412,0.341365
processed_data_batch_19.npz,2000,75.621289,0.692547,75.597164,0.614210,75.762362,0.551472,75.756506,0.563638
processed_data_batch_20.npz,2000,96.426910,1.086009,96.450050,1.070769,96.224793,0.959672,96.275860,0.890823
processed_data_batch_21.npz,2000,122.724089,1.153509,122.770073,1.145618,123.035709,1.048839,122.904780,1.006601
processed_data_batch_22.npz,2000,135.910734,1.054195,135.906995,1.087634,136.116624,0.249463,135.715993,1.303906
processed_data_batch_23.npz,2000,139.006411,0.980573,139.014829,1.040779,138.388543,0.727028,138.419040,0.620167
processed_data_batch_24.npz,2000,139.400350,1.108493,139.431038,1.161642,139.882427,1.205421,139.896388,1.304666
processed_data_batch_25.npz,2000,139.940056,3.936243,139.785910,3.584606,139.540276,0.739592,139.526008,0.706728
processed_data_batch_26.npz,2000,139.463147,1.147068,139.493054,1.098852,139.907069,0.456503,139.948847,0.513278
processed_data_batch_27.npz,2000,139.403278,1.041919,139.404505,1.008168,139.652108,0.991247,139.744054,0.882483
processed_data_batch_28.npz,2000,139.656761,1.037577,139.663848,1.017137,139.423655,1.268807,139.359140,1.292641
processed_data_batch_29.npz,2000,139.732861,0.953309,139.759410,0.982697,139.820868,0.655290,139.795641,0.723355
processed_data_batch_30.npz,2000,139.455692,2.926228,139.508433,2.554575,140.383662,1.024701,140.499323,1.551975
processed_data_batch_31.npz,2000,139.483238,1.745264,139.562419,1.128198,139.052300,0.666868,139.061353,0.679971
processed_data_batch_32.npz,2000,139.599876,1.049838,139.602339,1.052493,139.684486,1.075659,139.651060,1.034446
processed_data_batch_33.npz,2000,139.533786,1.051272,139.572191,1.053679,139.857821,0.877423,139.863384,0.851988
processed_data_batch_34.npz,2000,139.560482,0.995690,139.479341,1.122196,139.318236,0.904187,139.200105,0.809235
processed_data_batch_35.npz,2000,139.376989,0.959181,139.349226,0.980213,139.556560,0.724125,139.396874,0.750012
processed_data_batch_36.npz,2000,139.439952,1.023003,139.468190,1.032437,139.345211,0.741523,139.198090,0.773950
processed_data_batch_37.npz,2000,139.350894,2.234529,139.444679,2.258988,139.479903,0.927079,139.496162,1.028167
processed_data_batch_38.npz,2000,139.947694,5.075557,139.900384,4.059334,139.568919,1.052845,139.595400,1.124324
processed_data_batch_39.npz,2000,139.368432,1.047744,139.372166,1.037037,139.583504,1.280639,139.500739,1.200127
processed_data_batch_40.npz,2000,138.990410,2.511854,139.066793,1.748319,138.907918,0.959647,138.921084,1.011285
processed_data_batch_41.npz,2000,139.282302,0.983811,139.321070,0.923138,139.567417,0.794019,139.258552,0.837431
processed_data_batch_42.npz,2000,139.167888,0.993834,139.180934,1.011373,139.240180,1.114207,139.254969,1.038241
processed_data_batch_43.npz,2000,139.033034,2.905727,139.012767,2.983127,138.974036,0.375059,139.045398,0.584166
processed_data_batch_44.npz,2000,138.691270,0.964209,138.695047,0.950102,138.475635,1.034308,138.310419,0.971175
processed_data_batch_45.npz,2000,138.478507,0.998776,138.459656,1.011653,138.118389,0.516150,138.057131,0.484149
processed_data_batch_46.npz,2000,137.730255,2.671303,137.781429,2.564242,137.672057,0.843801,137.836750,0.716999
processed_data_batch_47.npz,2000,135.807578,1.001019,135.832450,1.013813,136.339413,1.278702,136.370857,1.232698
processed_data_batch_48.npz,2000,121.795349,2.033732,121.801041,2.032133,121.251734,1.734204,121.326818,1.833669
processed_data_batch_49.npz,2000,68.866646,3.814168,68.874103,3.812478,67.528587,2.130127,67.720279,2.156099
processed_data_batch_54.npz,2000,66.013382,3.942493,65.997757,3.911850,65.791889,2.424738,66.323654,2.868196
processed_data_batch_55.npz,2000,120.638622,2.370290,120.628300,2.394352,121.117821,1.198158,121.092517,1.186756
processed_data_batch_56.npz,2000,136.091881,1.617992,136.188710,1.953945,136.007449,0.819625,135.997908,0.799659
processed_data_batch_57.npz,2000,137.921446,1.039083,137.958115,1.039305,137.811344,1.129990,137.787896,1.142991
processed_data_batch_58.npz,2000,138.619724,0.961159,138.611547,0.954256,138.559274,0.931162,138.667650,0.859788
processed_data_batch_59.npz,2000,138.908757,0.997198,138.886992,1.007984,138.678387,1.067430,138.680011,1.046844
processed_data_batch_60.npz,2000,139.002383,1.192031,139.008640,1.319255,138.935623,1.139114,138.912390,1.156987
processed_data_batch_61.npz,2000,139.375646,0.974942,139.361009,0.979190,139.133122,0.930589,139.155448,0.826278
processed_data_batch_62.npz,2000,139.343600,1.137934,139.375461,1.197592,139.033024,0.844978,139.096900,0.949392
processed_data_batch_63.npz,2000,139.611287,1.678409,139.644509,1.977648,139.570558,1.028181,139.612397,0.976944
processed_data_batch_64.npz,2000,139.552641,1.345791,139.453057,1.040466,139.422057,0.774149,139.392104,0.754248
processed_data_batch_65.npz,2000,139.599796,0.938643,139.613574,0.944640,139.693522,0.988764,139.702791,0.997561
processed_data_batch_66.npz,2000,139.798105,4.060674,139.780046,3.589945,139.874257,1.068412,139.954640,1.061173
processed_data_batch_67.npz,2000,139.992089,5.182797,140.015583,4.987021,139.734145,1.010334,139.686963,1.071457
processed_data_batch_68.npz,2000,140.676666,13.756318,140.645641,13.486495,139.607145,0.960804,139.520061,0.859783
processed_data_batch_69.npz,2000,139.733891,1.082611,139.752156,1.066379,139.262921,0.917913,139.193773,0.866724
processed_data_batch_70.npz,2000,139.650147,1.153416,139.630942,1.189735,140.127191,0.896571,140.076725,0.862466
processed_data_batch_71.npz,2000,139.493114,1.424036,139.519621,1.622519,139.330809,0.705207,139.364206,0.688816
processed_data_batch_72.npz,2000,139.642882,1.167982,139.655090,1.178061,139.529490,0.470814,139.287479,0.548157
processed_data_batch_73.npz,2000,139.501301,4.351643,139.512186,4.136722,139.400029,0.846728,139.558798,0.778204
processed_data_batch_74.npz,2000,139.654793,1.085380,139.668602,1.092033,139.282821,0.683058,139.267957,0.684040
processed_data_batch_75.npz,2000,139.656931,1.630951,139.680461,2.067668,138.356382,2.030350,138.286324,2.590312
processed_data_batch_76.npz,2000,139.706528,1.068803,139.741306,1.051377,139.940983,1.391990,140.108606,1.368636
processed_data_batch_77.npz,2000,139.874981,1.873916,139.923968,2.299528,140.257006,0.586268,140.298889,0.695426
processed_data_batch_78.npz,2000,139.668435,1.079750,139.676940,1.057087,139.924360,1.232640,139.717997,1.144700
processed_data_batch_79.npz,2000,139.740683,0.992024,139.783710,1.009358,139.123746,1.129014,138.861383,1.085231
processed_data_batch_80.npz,2000,139.481629,1.445284,139.516338,1.325100,139.246263,1.142421,139.313826,1.165528
processed_data_batch_81.npz,2000,139.697114,0.972578,139.686946,0.959853,139.455337,1.059542,139.566039,1.067176
processed_data_batch_82.npz,2000,139.728190,1.019176,139.712225,1.075490,139.658197,0.651176,139.737981,0.760428
processed_data_batch_83.npz,2000,139.346409,3.379742,139.395878,3.264196,139.526037,0.986067,139.412344,0.865585
processed_data_batch_84.npz,2000,139.889958,2.776719,139.918028,2.999619,139.451895,0.674760,139.573919,0.736058
processed_data_batch_85.npz,2000,140.118207,5.474011,140.043797,4.142746,139.350790,1.094122,139.462038,1.170461
processed_data_batch_86.npz,2000,139.556235,1.080261,139.606567,1.099264,139.446818,0.921403,139.563551,0.877350
processed_data_batch_87.npz,2000,139.387646,1.876923,139.418407,1.876381,139.455051,1.068963,139.574059,1.066896
processed_data_batch_88.npz,2000,140.120385,3.648188,140.024539,2.669658,139.315898,0.930525,139.301183,0.910554
processed_data_batch_89.npz,2000,139.595666,1.376248,139.559177,2.013188,139.921410,0.869704,139.934183,0.713795
processed_data_batch_90.npz,2000,140.084621,6.180834,140.229556,8.181948,140.057866,1.161989,139.997440,0.981680
processed_data_batch_91.npz,2000,139.796704,1.082646,139.765593,1.078115,139.930216,0.901338,139.851916,0.829173
processed_data_batch_92.npz,2000,139.632172,0.929460,139.634283,0.945149,139.589781,0.601360,139.553064,0.597471
processed_data_batch_93.npz,2000,139.909983,0.990346,139.914673,0.978785,139.982104,0.780354,140.194492,0.901466
processed_data_batch_94.npz,2000,139.959892,4.716407,140.058357,6.362025,139.578405,0.819571,139.615692,0.792442
processed_data_batch_95.npz,2000,139.501326,2.087692,139.487986,2.568478,139.470944,0.969317,139.569920,1.059668
processed_data_batch_96.npz,2000,139.427182,1.581408,139.447327,1.412116,139.478363,0.918134,139.370911,1.057538
processed_data_batch_97.npz,2000,139.741502,1.079171,139.759199,1.072010,139.683788,1.031395,139.868396,1.091038
processed_data_batch_98.npz,2000,139.695707,0.996333,139.692809,0.958138,140.514473,1.280016,140.546256,1.336467
processed_data_batch_99.npz,2000,139.743051,0.938307,139.854222,1.526109,139.612548,1.230610,139.529900,1.186332
processed_data_batch_100.npz,2000,139.747820,1.036606,139.793894,1.011852,139.685191,0.919403,139.850850,0.843480
processed_data_batch_101.npz,2000,139.656500,1.055543,139.693561,1.062859,139.647107,0.987665,139.563692,0.888055
processed_data_batch_1.npz,4000,139.298551,3.515872,139.367054,3.991216,139.329903,0.414221,139.361771,0.471044
processed_data_batch_2.npz,4000,139.752271,0.455864,139.744301,0.523765,139.819839,0.473921,139.822346,0.529426
processed_data_batch_3.npz,4000,139.409155,0.436347,139.396432,0.485884,139.444965,0.500960,139.439073,0.548593
processed_data_batch_4.npz,4000,139.404926,0.500709,139.399971,0.554567,139.437654,0.510437,139.465135,0.585372
processed_data_batch_5.npz,4000,139.828579,0.319743,139.821282,0.424996,139.766641,0.280678,139.743150,0.377165
processed_data_batch_6.npz,4000,139.658573,0.414960,139.669438,0.480970,139.627223,0.442796,139.664356,0.494524
processed_data_batch_7.npz,4000,139.634371,0.382015,139.640448,0.460514,139.619376,0.356556,139.644586,0.410962
processed_data_batch_8.npz,4000,139.533140,0.472839,139.547667,0.526987,139.572911,0.510808,139.597873,0.558574
processed_data_batch_9.npz,4000,139.920879,0.397486,139.901546,0.396356,139.932526,0.397674,139.925129,0.400988
processed_data_batch_10.npz,4000,139.639002,0.474898,139.662148,0.533301,139.585882,0.442911,139.610505,0.500068
processed_data_batch_11.npz,4000,139.423305,1.565578,139.434349,1.445044,139.536489,0.494516,139.555239,0.550993
processed_data_batch_12.npz,4000,139.559030,1.397635,139.585604,1.256038,139.541944,0.466127,139.531235,0.464906
processed_data_batch_13.npz,4000,138.668048,3.021296,138.737953,2.464156,139.098153,0.421821,139.083888,0.473568
processed_data_batch_14.npz,4000,138.461388,3.546995,138.437656,2.970781,138.157199,0.489627,138.158720,0.506394
processed_data_batch_15.npz,4000,131.674820,1.955855,131.590352,2.638491,131.752774,0.552623,131.757609,0.528682
processed_data_batch_16.npz,4000,112.649157,0.952340,112.554422,0.708259,112.762664,0.684315,112.696630,0.714618
processed_data_batch_17.npz,4000,86.512987,1.087883,86.342841,1.691224,86.588714,0.752487,86.480895,0.747170
processed_data_batch_18.npz,4000,71.957340,0.303886,71.844506,0.451668,71.931958,0.442360,71.911408,0.260795
processed_data_batch_19.npz,4000,75.616494,0.521019,75.559747,0.543942,75.727961,0.487842,75.654133,0.504712
processed_data_batch_20.npz,4000,96.498587,1.037841,96.439538,1.035639,96.524104,1.011007,96.434668,1.002420
processed_data_batch_21.npz,4000,122.641060,0.857764,122.645910,0.888638,122.600205,0.876999,122.575231,0.907738
processed_data_batch_22.npz,4000,135.898416,0.484282,135.887317,0.554960,135.859025,0.444005,135.848053,0.513634
processed_data_batch_23.npz,4000,139.012800,0.444328,138.996119,0.504492,138.930912,0.404775,138.894886,0.431321
processed_data_batch_24.npz,4000,139.288475,0.431083,139.290063,0.532193,139.301456,0.470428,139.288111,0.599036
processed_data_batch_25.npz,4000,139.445285,2.516099,139.523525,2.291021,139.303669,0.494250,139.306520,0.515893
processed_data_batch_26.npz,4000,139.492172,0.502945,139.457888,0.526181,139.456182,0.503141,139.469358,0.543576
processed_data_batch_27.npz,4000,139.383420,0.425209,139.373520,0.497110,139.338114,0.413632,139.329318,0.478548
processed_data_batch_28.npz,4000,139.533725,0.463082,139.541544,0.538526,139.521032,0.505944,139.497507,0.575962
processed_data_batch_29.npz,4000,139.551860,0.393433,139.573587,0.470903,139.491708,0.381287,139.552810,0.421961
processed_data_batch_30.npz,4000,139.459181,1.365992,139.430631,0.781584,139.483625,0.458262,139.493486,0.486505
processed_data_batch_31.npz,4000,139.306661,1.623735,139.324777,1.596569,139.542642,0.499443,139.561452,0.523131
processed_data_batch_32.npz,4000,139.500221,0.464347,139.500821,0.528996,139.474761,0.473135,139.443625,0.531408
processed_data_batch_33.npz,4000,139.497668,0.413049,139.487826,0.481581,139.529300,0.401379,139.493679,0.467343
processed_data_batch_34.npz,4000,139.587957,1.681759,139.582857,1.609491,139.455965,0.452195,139.448451,0.517536
processed_data_batch_35.npz,4000,139.429020,0.478940,139.403842,0.526073,139.409312,0.472854,139.412693,0.530543
processed_data_batch_36.npz,4000,139.392073,0.445343,139.382580,0.511189,139.451481,0.481394,139.450611,0.539720
processed_data_batch_37.npz,4000,139.358560,1.458461,139.316834,1.015288,139.462212,0.465413,139.442949,0.489654
processed_data_batch_38.npz,4000,139.263653,1.229404,139.349111,0.664482,139.512402,0.469459,139.539684,0.518600
processed_data_batch_39.npz,4000,139.279339,0.436245,139.272165,0.498019,139.297904,0.374514,139.280638,0.446554
processed_data_batch_40.npz,4000,139.049283,2.065919,138.960796,2.102495,139.192119,0.457489,139.198352,0.555882
processed_data_batch_41.npz,4000,139.128790,0.513181,139.142428,0.538504,139.052393,0.490102,139.049958,0.499344
processed_data_batch_42.npz,4000,139.061191,0.427458,139.062824,0.478346,139.070592,0.451469,139.058519,0.492582
processed_data_batch_43.npz,4000,139.227380,2.304029,139.179116,1.664882,138.968137,0.420356,138.968835,0.482597
processed_data_batch_44.npz,4000,138.696227,0.535300,138.662582,0.551581,138.660700,0.420782,138.625254,0.436324
processed_data_batch_45.npz,4000,138.493834,0.425831,138.472987,0.484890,138.402370,0.429926,138.365925,0.493963
processed_data_batch_46.npz,4000,137.714615,1.303488,137.699132,1.584262,137.880383,0.378158,137.873437,0.471778
processed_data_batch_47.npz,4000,135.812306,0.525944,135.792556,0.565361,135.758930,0.493366,135.762888,0.544333
processed_data_batch_48.npz,4000,121.716307,1.952990,121.709522,1.947535,121.696706,1.894320,121.615568,1.868541
processed_data_batch_49.npz,4000,68.923038,3.764808,68.850014,3.779546,69.058457,3.266378,69.071442,3.310894
processed_data_batch_54.npz,4000,66.119396,3.809232,66.019324,3.839753,68.066418,1.943207,67.893205,1.934369
processed_data_batch_55.npz,4000,120.566996,2.393429,120.554532,2.379273,120.681205,2.409432,120.658773,2.434634
processed_data_batch_56.npz,4000,135.866444,0.613137,135.898270,0.758179,135.749667,0.511492,135.760785,0.544821
processed_data_batch_57.npz,4000,137.889010,0.456839,137.890153,0.518623,137.913606,0.513717,137.935034,0.558945
processed_data_batch_58.npz,4000,138.434872,0.491774,138.452228,0.519783,138.454868,0.475583,138.465031,0.475622
processed_data_batch_59.npz,4000,138.803167,0.436666,138.811402,0.498040,138.786386,0.460820,138.780599,0.513598
processed_data_batch_60.npz,4000,138.817251,1.079386,138.822539,1.029944,138.928418,0.452627,138.947167,0.513042
processed_data_batch_61.npz,4000,139.213367,0.464520,139.227438,0.521464,139.207002,0.501799,139.220138,0.563652
processed_data_batch_62.npz,4000,139.136487,1.150219,139.177788,1.061444,139.198590,0.575080,139.189796,0.613295
processed_data_batch_63.npz,4000,139.285343,0.899382,139.311137,0.687177,139.331157,0.504686,139.348169,0.524769
processed_data_batch_64.npz,4000,139.407128,2.016526,139.407180,2.074612,139.340933,0.463631,139.399626,0.485011
processed_data_batch_65.npz,4000,139.356147,0.450761,139.377497,0.494155,139.333665,0.390071,139.343731,0.445969
processed_data_batch_66.npz,4000,139.485284,1.303909,139.505476,1.700859,139.361821,0.468259,139.342533,0.516156
processed_data_batch_67.npz,4000,139.384636,1.413615,139.452832,0.824425,139.528984,0.475524,139.560739,0.524912
processed_data_batch_68.npz,4000,139.687715,2.915921,139.756783,3.872154,139.465266,0.464464,139.474734,0.523797
processed_data_batch_69.npz,4000,139.536497,0.486198,139.562373,0.519272,139.597505,0.456778,139.604569,0.526632
processed_data_batch_70.npz,4000,139.579401,0.439874,139.559682,0.526239,139.631735,0.453819,139.645006,0.505819
processed_data_batch_71.npz,4000,139.568536,1.008523,139.545583,0.832493,139.462331,0.499823,139.448326,0.476876
processed_data_batch_72.npz,4000,139.581760,0.513071,139.569722,0.596046,139.588198,0.445830,139.572393,0.527941
processed_data_batch_73.npz,4000,139.315584,2.390884,139.294409,2.741924,139.531954,0.373265,139.524270,0.390201
processed_data_batch_74.npz,4000,139.589683,0.469081,139.586799,0.547733,139.534835,0.412493,139.537035,0.508262
processed_data_batch_75.npz,4000,139.592299,0.657356,139.607207,0.816110,139.533949,0.442287,139.526055,0.507083
processed_data_batch_76.npz,4000,139.534808,0.450548,139.548024,0.521373,139.563290,0.470180,139.558766,0.544988
processed_data_batch_77.npz,4000,139.559969,1.504267,139.582121,1.049022,139.667558,0.455292,139.665392,0.494641
processed_data_batch_78.npz,4000,139.572084,0.469809,139.573424,0.537716,139.578084,0.463002,139.544141,0.561550
processed_data_batch_79.npz,4000,139.653942,0.640567,139.617459,0.742863,139.639228,0.335114,139.622243,0.394038
processed_data_batch_80.npz,4000,139.612701,0.584246,139.556597,0.540420,139.473030,0.463295,139.433573,0.517526
processed_data_batch_81.npz,4000,139.563320,0.793760,139.574419,0.666478,139.667262,0.472261,139.673453,0.493888
processed_data_batch_82.npz,4000,139.750356,0.967423,139.704302,0.672599,139.605661,0.404141,139.571599,0.464186
processed_data_batch_83.npz,4000,139.783491,2.379342,139.699463,1.606246,139.601445,0.414329,139.582792,0.495772
processed_data_batch_84.npz,4000,139.435070,1.194782,139.467273,0.840429,139.525396,0.460179,139.526403,0.492318
processed_data_batch_85.npz,4000,139.697205,2.100297,139.746744,2.647544,139.496697,0.416308,139.508925,0.476631
processed_data_batch_86.npz,4000,139.475743,0.449246,139.485423,0.511955,139.506883,0.424372,139.539340,0.474550
processed_data_batch_87.npz,4000,139.666636,1.322432,139.601363,0.907406,139.513904,0.428058,139.509558,0.443469
processed_data_batch_88.npz,4000,139.755926,1.667417,139.798393,1.988035,139.635203,0.410366,139.636232,0.439111
processed_data_batch_89.npz,4000,139.738383,1.419936,139.706953,1.185771,139.546521,0.369527,139.535239,0.430346
processed_data_batch_90.npz,4000,140.003957,3.138457,140.007610,2.888422,139.607477,0.405853,139.657779,0.470316
processed_data_batch_91.npz,4000,139.665423,0.411115,139.681889,0.555276,139.679131,0.413716,139.689008,0.508744
processed_data_batch_92.npz,4000,139.648941,0.430582,139.633109,0.488636,139.711142,0.474689,139.725072,0.510490
processed_data_batch_93.npz,4000,139.598339,0.534087,139.631697,0.524891,139.530411,0.411775,139.579520,0.457481
processed_data_batch_94.npz,4000,139.695806,1.095921,139.730747,1.768392,139.603917,0.487344,139.579990,0.570478
processed_data_batch_95.npz,4000,139.622417,0.626036,139.571101,0.980468,139.684930,0.400703,139.683102,0.428689
processed_data_batch_96.npz,4000,139.634103,0.724726,139.568168,0.548050,139.633996,0.482826,139.579241,0.520193
processed_data_batch_97.npz,4000,139.639490,0.476650,139.632842,0.521778,139.542113,0.498357,139.507513,0.536961
processed_data_batch_98.npz,4000,139.748613,0.465842,139.725162,0.516473,139.752481,0.449657,139.730287,0.510736
processed_data_batch_99.npz,4000,139.514479,1.532304,139.542317,1.277158,139.681457,0.437135,139.679921,0.472681
processed_data_batch_100.npz,4000,139.563117,0.748775,139.610721,0.691294,139.590164,0.444943,139.605924,0.535290
processed_data_batch_101.npz,4000,139.671961,0.409204,139.671905,0.460949,139.661685,0.409620,139.616787,0.465006
processed_data_batch_1.npz,6000,139.182265,2.651258,139.224696,3.000460,139.398168,0.506216,139.347735,0.459148
processed_data_batch_2.npz,6000,139.768556,0.307241,139.720919,0.395073,139.814447,0.294570,139.779782,0.376586
processed_data_batch_3.npz,6000,139.429763,0.307192,139.377827,0.367482,139.427830,0.320023,139.402888,0.391751
processed_data_batch_4.npz,6000,139.473211,0.369457,139.404186,0.445060,139.502900,0.357012,139.436388,0.445992
processed_data_batch_5.npz,6000,139.869072,0.206266,139.809100,0.292324,139.864613,0.209111,139.811011,0.282175
processed_data_batch_6.npz,6000,139.663322,0.273520,139.630276,0.351823,139.651773,0.302057,139.620667,0.364621
processed_data_batch_7.npz,6000,139.653670,0.289170,139.611217,0.353799,139.624385,0.256473,139.578805,0.322172
processed_data_batch_8.npz,6000,139.523148,0.338869,139.501373,0.406207,139.512909,0.311094,139.484401,0.384280
processed_data_batch_9.npz,6000,139.884820,0.278908,139.857943,0.316551,139.901382,0.298294,139.878971,0.337684
processed_data_batch_10.npz,6000,139.642355,0.312444,139.614148,0.397381,139.594398,0.305987,139.548471,0.367824
processed_data_batch_11.npz,6000,139.526847,1.119519,139.444593,1.269901,139.621309,0.419083,139.546984,0.441543
processed_data_batch_12.npz,6000,139.289329,1.422568,139.397325,0.648230,139.477281,0.395074,139.457000,0.405456
processed_data_batch_13.npz,6000,138.782958,2.479130,138.717424,2.348355,139.068227,0.358215,139.043606,0.406805
processed_data_batch_14.npz,6000,138.297686,2.454034,138.328925,2.527187,138.150217,0.423034,138.111178,0.396297
processed_data_batch_15.npz,6000,131.761551,1.140414,131.637523,1.992450,131.843613,0.470265,131.776827,0.474485
processed_data_batch_16.npz,6000,112.685401,1.073738,112.571314,0.783884,112.754721,0.649794,112.653964,0.684402
processed_data_batch_17.npz,6000,86.621155,1.069722,86.388994,1.459844,86.512515,0.706415,86.377338,0.720505
processed_data_batch_18.npz,6000,72.016734,0.285807,71.858759,0.398514,71.987464,0.351791,71.910104,0.265974
processed_data_batch_19.npz,6000,75.659372,0.499097,75.555539,0.525312,75.747302,0.460416,75.640873,0.488137
processed_data_batch_20.npz,6000,96.545642,1.041507,96.439705,1.034780,96.508444,1.036680,96.441712,1.028384
processed_data_batch_21.npz,6000,122.680269,0.837849,122.624205,0.855556,122.666574,0.841353,122.542250,0.854658
processed_data_batch_22.npz,6000,135.905796,0.397844,135.862452,0.455359,135.879032,0.417556,135.833214,0.465695
processed_data_batch_23.npz,6000,139.019038,0.331368,138.974985,0.394043,138.980071,0.313697,138.923788,0.379043
processed_data_batch_24.npz,6000,139.310895,0.341131,139.267685,0.410445,139.313994,0.326352,139.255047,0.409697
processed_data_batch_25.npz,6000,139.354541,1.745374,139.397971,1.862252,139.349675,0.387570,139.299172,0.430155
processed_data_batch_26.npz,6000,139.522152,0.462053,139.462504,0.444784,139.493129,0.390069,139.446214,0.413113
processed_data_batch_27.npz,6000,139.411071,0.325485,139.358961,0.378622,139.397887,0.323438,139.348303,0.359847
processed_data_batch_28.npz,6000,139.574888,0.318893,139.528954,0.406563,139.553863,0.299191,139.502300,0.387406
processed_data_batch_29.npz,6000,139.572171,0.294108,139.542331,0.354499,139.536459,0.296803,139.495547,0.332556
processed_data_batch_30.npz,6000,139.622064,1.376338,139.506544,0.976013,139.483605,0.370288,139.461850,0.399388
processed_data_batch_31.npz,6000,139.367139,1.145455,139.315950,1.373676,139.471364,0.392828,139.432469,0.451996
processed_data_batch_32.npz,6000,139.526292,0.330218,139.483924,0.410192,139.543393,0.323890,139.481318,0.405764
processed_data_batch_33.npz,6000,139.518854,0.288619,139.470402,0.361209,139.541293,0.265273,139.474322,0.339896
processed_data_batch_34.npz,6000,139.588000,1.038469,139.546328,1.287919,139.482216,0.343528,139.445911,0.392652
processed_data_batch_35.npz,6000,139.466653,0.356243,139.402597,0.420152,139.467065,0.363202,139.417059,0.421400
processed_data_batch_36.npz,6000,139.411890,0.328457,139.367073,0.397775,139.403985,0.346047,139.365379,0.415045
processed_data_batch_37.npz,6000,139.427602,1.329741,139.343678,1.098589,139.426528,0.401685,139.387107,0.422735
processed_data_batch_38.npz,6000,139.277551,1.235688,139.282048,0.898788,139.408472,0.381428,139.428271,0.420823
processed_data_batch_39.npz,6000,139.297312,0.322128,139.252585,0.382788,139.291622,0.315206,139.234006,0.365516
processed_data_batch_40.npz,6000,139.223262,1.825662,139.067380,1.834765,139.205094,0.360283,139.130851,0.432736
processed_data_batch_41.npz,6000,139.137629,0.443521,139.103853,0.492764,139.104466,0.357252,139.070256,0.425457
processed_data_batch_42.npz,6000,139.065450,0.350323,139.030816,0.391182,139.070370,0.347861,139.037617,0.379138
processed_data_batch_43.npz,6000,139.083638,1.641330,139.102193,1.663897,138.961983,0.414460,138.941842,0.417373
processed_data_batch_44.npz,6000,138.724055,0.356279,138.662219,0.399508,138.690931,0.350271,138.613797,0.389214
processed_data_batch_45.npz,6000,138.499153,0.317451,138.455666,0.380847,138.450533,0.323725,138.393522,0.380519
processed_data_batch_46.npz,6000,137.817954,0.736129,137.727989,1.162858,137.899459,0.351032,137.861205,0.400602
processed_data_batch_47.npz,6000,135.839949,0.403423,135.783944,0.456471,135.771015,0.350740,135.723298,0.403615
processed_data_batch_48.npz,6000,121.727251,1.972401,121.683024,1.954578,122.059118,2.034601,121.998586,2.037433
processed_data_batch_49.npz,6000,68.955411,3.751628,68.851130,3.769371,68.967983,3.230501,68.940893,3.285969
processed_data_batch_54.npz,6000,66.147179,3.805389,66.024943,3.828658,68.218087,1.941427,68.117370,1.932264
processed_data_batch_55.npz,6000,120.619375,2.425217,120.547031,2.395687,120.680170,2.324709,120.595943,2.297481
processed_data_batch_56.npz,6000,135.859736,0.486492,135.844571,0.583666,135.812379,0.428041,135.801046,0.447230
processed_data_batch_57.npz,6000,137.884524,0.322029,137.855542,0.395506,137.877541,0.330928,137.864084,0.398421
processed_data_batch_58.npz,6000,138.451560,0.383638,138.415229,0.428091,138.411983,0.400884,138.392378,0.424864
processed_data_batch_59.npz,6000,138.830012,0.310806,138.783661,0.382037,138.813930,0.331616,138.745891,0.396052
processed_data_batch_60.npz,6000,139.001906,0.679045,138.884789,0.497396,138.957815,0.434029,138.935391,0.461880
processed_data_batch_61.npz,6000,139.210096,0.331357,139.185302,0.403893,139.229846,0.298812,139.217152,0.377459
processed_data_batch_62.npz,6000,139.250377,0.606456,139.188873,0.475399,139.269069,0.416620,139.206430,0.429444
processed_data_batch_63.npz,6000,139.279017,0.732651,139.264628,0.682503,139.366887,0.359352,139.364066,0.430236
processed_data_batch_64.npz,6000,139.465003,1.430387,139.404710,1.528975,139.344739,0.380654,139.336055,0.385895
processed_data_batch_65.npz,6000,139.383758,0.334885,139.349394,0.391921,139.366472,0.319125,139.351931,0.360226
processed_data_batch_66.npz,6000,139.469026,0.727736,139.448814,1.131507,139.403559,0.319593,139.350799,0.379092
processed_data_batch_67.npz,6000,139.397128,1.333425,139.391267,1.031228,139.530089,0.359223,139.484843,0.422501
processed_data_batch_68.npz,6000,139.585569,1.357383,139.621152,2.411573,139.488546,0.306018,139.442016,0.378790
processed_data_batch_69.npz,6000,139.534670,0.377863,139.515194,0.424755,139.568210,0.351282,139.551211,0.408606
processed_data_batch_70.npz,6000,139.578788,0.297032,139.536663,0.386932,139.603488,0.293226,139.590466,0.383655
processed_data_batch_71.npz,6000,139.572311,0.740140,139.529679,0.770135,139.555256,0.426150,139.500434,0.428909
processed_data_batch_72.npz,6000,139.568728,0.375297,139.537698,0.453712,139.585616,0.358750,139.562757,0.430559
processed_data_batch_73.npz,6000,139.409533,1.588358,139.311369,2.202787,139.564817,0.295090,139.531758,0.341921
processed_data_batch_74.npz,6000,139.582594,0.342808,139.553703,0.424548,139.579671,0.280676,139.540005,0.355923
processed_data_batch_75.npz,6000,139.540894,0.674517,139.536391,0.602044,139.607456,0.342191,139.564578,0.412827
processed_data_batch_76.npz,6000,139.566285,0.326717,139.524414,0.395104,139.560955,0.344706,139.519207,0.410397
processed_data_batch_77.npz,6000,139.513170,1.177298,139.518848,1.038051,139.661521,0.379660,139.619442,0.401987
processed_data_batch_78.npz,6000,139.618061,0.343957,139.565759,0.410962,139.639340,0.307156,139.593133,0.342573
processed_data_batch_79.npz,6000,139.674953,0.850321,139.618674,0.443882,139.615311,0.339322,139.566989,0.383447
processed_data_batch_80.npz,6000,139.667990,0.665792,139.578491,0.509370,139.584284,0.329271,139.501643,0.395184
processed_data_batch_81.npz,6000,139.655758,0.348836,139.585905,0.411326,139.678983,0.346810,139.615378,0.399630
processed_data_batch_82.npz,6000,139.682068,0.307936,139.662924,0.413257,139.659356,0.306628,139.596293,0.365630
processed_data_batch_83.npz,6000,139.782320,1.759728,139.710520,1.728754,139.691082,0.335272,139.636117,0.376699
processed_data_batch_84.npz,6000,139.515460,0.996122,139.459931,0.871650,139.584079,0.327759,139.515663,0.376842
processed_data_batch_85.npz,6000,139.670516,1.136244,139.668106,1.748636,139.594893,0.290089,139.566917,0.349328
processed_data_batch_86.npz,6000,139.531552,0.336335,139.477821,0.399676,139.534722,0.335542,139.484859,0.390443
processed_data_batch_87.npz,6000,139.601953,0.710740,139.576247,0.803261,139.538766,0.313492,139.478094,0.352038
processed_data_batch_88.npz,6000,139.696146,0.895637,139.707954,1.347171,139.611491,0.315729,139.546461,0.353988
processed_data_batch_89.npz,6000,139.731862,0.966473,139.685908,1.058303,139.666349,0.309763,139.595968,0.372022
processed_data_batch_90.npz,6000,139.838597,1.962628,139.883352,2.320375,139.661274,0.350980,139.614582,0.407253
processed_data_batch_91.npz,6000,139.655742,0.437511,139.633986,0.392318,139.687819,0.373551,139.649724,0.412706
processed_data_batch_92.npz,6000,139.684450,0.342149,139.630524,0.388196,139.693213,0.346625,139.648837,0.385075
processed_data_batch_93.npz,6000,139.656030,0.412211,139.613728,0.381115,139.664085,0.418089,139.639943,0.417901
processed_data_batch_94.npz,6000,139.660081,0.730972,139.656337,1.107338,139.675738,0.353414,139.629741,0.405759
processed_data_batch_95.npz,6000,139.681569,0.409198,139.599399,0.658252,139.667692,0.306504,139.600934,0.343434
processed_data_batch_96.npz,6000,139.662895,0.775913,139.585981,0.598281,139.615949,0.379483,139.573542,0.422903
processed_data_batch_97.npz,6000,139.665101,0.345275,139.624710,0.406058,139.645893,0.367596,139.612463,0.431686
processed_data_batch_98.npz,6000,139.730526,0.348381,139.696298,0.409106,139.731054,0.356214,139.701017,0.426463
processed_data_batch_99.npz,6000,139.555228,1.106769,139.517346,1.180256,139.671735,0.316692,139.649269,0.347981
processed_data_batch_100.npz,6000,139.581764,0.539567,139.561406,0.419799,139.635883,0.323906,139.609985,0.386348
processed_data_batch_101.npz,6000,139.687321,0.318230,139.649413,0.357807,139.691422,0.322944,139.653363,0.344684
processed_data_batch_1.npz,8000,139.213582,2.338687,139.185396,2.653361,139.427476,0.287625,139.342482,0.349426
processed_data_batch_2.npz,8000,139.829048,0.262136,139.717382,0.349759,139.861583,0.238682,139.758040,0.318016
processed_data_batch_3.npz,8000,139.491239,0.247347,139.372300,0.322119,139.490002,0.247811,139.379953,0.333956
processed_data_batch_4.npz,8000,139.567310,0.320780,139.415559,0.398358,139.581505,0.330505,139.442817,0.431166
processed_data_batch_5.npz,8000,139.906027,0.166660,139.795816,0.243712,139.910961,0.160886,139.791768,0.231631
processed_data_batch_6.npz,8000,139.729828,0.224843,139.622224,0.300632,139.712911,0.254464,139.612901,0.324026
processed_data_batch_7.npz,8000,139.726272,0.259838,139.606922,0.316795,139.716425,0.242569,139.587816,0.300697
processed_data_batch_8.npz,8000,139.593575,0.303557,139.491865,0.364321,139.590757,0.304369,139.508017,0.343935
processed_data_batch_9.npz,8000,139.940062,0.222423,139.844873,0.277512,139.937632,0.231203,139.852647,0.287923
processed_data_batch_10.npz,8000,139.683193,0.257100,139.595068,0.345925,139.641965,0.248921,139.534803,0.326283
processed_data_batch_11.npz,8000,139.613164,0.905158,139.456459,1.153251,139.696251,0.305764,139.574786,0.385707
processed_data_batch_12.npz,8000,139.280833,1.630020,139.328496,0.761248,139.532093,0.333065,139.425384,0.349546
processed_data_batch_13.npz,8000,138.918329,2.175938,138.742745,2.243757,139.240003,0.370105,139.071986,0.352321
processed_data_batch_14.npz,8000,138.337766,2.042409,138.291984,2.250212,138.241539,0.299855,138.106649,0.349121
processed_data_batch_15.npz,8000,131.783965,0.923167,131.630956,1.729703,131.857027,0.394098,131.749178,0.432015
processed_data_batch_16.npz,8000,112.731761,1.048060,112.574762,0.824076,112.771054,0.715233,112.648101,0.668466
processed_data_batch_17.npz,8000,86.666028,1.048997,86.408602,1.389864,86.533143,0.685901,86.379738,0.705825
processed_data_batch_18.npz,8000,72.034450,0.276378,71.863905,0.381345,72.005081,0.331040,71.912853,0.262041
processed_data_batch_19.npz,8000,75.688414,0.489371,75.560196,0.517824,75.771000,0.446994,75.649696,0.483296
processed_data_batch_20.npz,8000,96.594565,1.041458,96.447325,1.034489,96.553226,1.043918,96.404439,1.022748
processed_data_batch_21.npz,8000,122.712817,0.835578,122.614539,0.846044,122.729359,0.852098,122.585143,0.846325
processed_data_batch_22.npz,8000,135.968991,0.364213,135.861829,0.419649,135.972541,0.378533,135.851005,0.424489
processed_data_batch_23.npz,8000,139.079814,0.295685,138.975074,0.354268,139.051478,0.294764,138.933085,0.342034
processed_data_batch_24.npz,8000,139.364805,0.302452,139.265275,0.365923,139.351254,0.309623,139.247916,0.378717
processed_data_batch_25.npz,8000,139.415289,1.463359,139.373449,1.651132,139.407527,0.312021,139.292450,0.379391
processed_data_batch_26.npz,8000,139.591023,0.423519,139.470150,0.418584,139.553690,0.361914,139.429285,0.380350
processed_data_batch_27.npz,8000,139.457181,0.280837,139.355786,0.338898,139.449219,0.279753,139.360304,0.334744
processed_data_batch_28.npz,8000,139.623396,0.275448,139.523966,0.356866,139.615310,0.256220,139.507645,0.338569
processed_data_batch_29.npz,8000,139.618039,0.261648,139.532513,0.314352,139.604522,0.253309,139.510363,0.292189
processed_data_batch_30.npz,8000,139.673528,1.264708,139.523925,1.012520,139.524875,0.358068,139.435090,0.362423
processed_data_batch_31.npz,8000,139.448658,0.930236,139.324143,1.245601,139.554642,0.342105,139.453493,0.407459
processed_data_batch_32.npz,8000,139.567010,0.300904,139.476828,0.368221,139.572676,0.295718,139.475780,0.370140
processed_data_batch_33.npz,8000,139.572280,0.249650,139.468225,0.315539,139.591964,0.243204,139.490286,0.305306
processed_data_batch_34.npz,8000,139.622257,0.793891,139.534961,1.102787,139.561642,0.357968,139.445373,0.348183
processed_data_batch_35.npz,8000,139.503656,0.321060,139.399219,0.380293,139.494771,0.341482,139.425320,0.393306
processed_data_batch_36.npz,8000,139.465914,0.281406,139.365764,0.354580,139.486943,0.296321,139.388391,0.372533
processed_data_batch_37.npz,8000,139.478796,1.170506,139.352707,1.081523,139.430044,0.392945,139.378470,0.388390
processed_data_batch_38.npz,8000,139.299655,1.119137,139.255889,0.928260,139.424328,0.343224,139.380114,0.403608
processed_data_batch_39.npz,8000,139.363092,0.296690,139.256268,0.345790,139.347889,0.291620,139.248799,0.345960
processed_data_batch_40.npz,8000,139.321591,1.611384,139.112558,1.739711,139.294092,0.338426,139.164545,0.399919
processed_data_batch_41.npz,8000,139.243688,0.387385,139.119110,0.396666,139.193897,0.338169,139.066168,0.369151
processed_data_batch_42.npz,8000,139.126331,0.310162,139.029123,0.355679,139.116282,0.308542,139.020689,0.350681
processed_data_batch_43.npz,8000,139.109340,1.290656,139.071540,1.505190,139.061981,0.293848,138.966449,0.358338
processed_data_batch_44.npz,8000,138.777942,0.352521,138.664380,0.354894,138.744070,0.312088,138.629898,0.363707
processed_data_batch_45.npz,8000,138.542132,0.280049,138.449248,0.341414,138.522046,0.279932,138.418728,0.346598
processed_data_batch_46.npz,8000,137.882811,0.571170,137.740598,0.983304,137.942891,0.285255,137.845475,0.358135
processed_data_batch_47.npz,8000,135.887103,0.373136,135.781480,0.424152,135.806095,0.346618,135.689453,0.399138
processed_data_batch_48.npz,8000,121.760329,1.978768,121.672549,1.958415,122.044146,2.014002,121.881678,1.967318
processed_data_batch_49.npz,8000,68.972661,3.742679,68.854715,3.763273,69.037291,3.251159,68.944806,3.274020
processed_data_batch_54.npz,8000,66.171695,3.806646,66.032714,3.825567,68.229329,1.954609,68.117763,1.937058
processed_data_batch_55.npz,8000,120.691892,2.455455,120.557210,2.411523,120.720807,2.303905,120.597052,2.291855
processed_data_batch_56.npz,8000,135.911042,0.428844,135.832992,0.523245,135.900182,0.370778,135.796413,0.435931
processed_data_batch_57.npz,8000,137.939000,0.289907,137.848381,0.352910,137.922436,0.303774,137.838513,0.367991
processed_data_batch_58.npz,8000,138.510737,0.336960,138.412963,0.381527,138.500732,0.332484,138.412384,0.377731
processed_data_batch_59.npz,8000,138.863278,0.275487,138.772771,0.342613,138.857590,0.305162,138.768663,0.362410
processed_data_batch_60.npz,8000,139.120436,0.887386,138.927582,0.452722,139.023636,0.349936,138.917643,0.426864
processed_data_batch_61.npz,8000,139.257748,0.308519,139.175111,0.368193,139.272566,0.295039,139.209437,0.344613
processed_data_batch_62.npz,8000,139.301848,0.872651,139.191128,0.409114,139.292475,0.274381,139.206113,0.378256
processed_data_batch_63.npz,8000,139.337969,0.609112,139.255657,0.642860,139.410581,0.313942,139.329301,0.385835
processed_data_batch_64.npz,8000,139.496999,1.270683,139.399320,1.352097,139.361568,0.324999,139.297378,0.361182
processed_data_batch_65.npz,8000,139.435109,0.295743,139.342935,0.352860,139.419114,0.283133,139.318471,0.336100
processed_data_batch_66.npz,8000,139.519454,0.583799,139.436449,0.923431,139.489039,0.271636,139.367239,0.339684
processed_data_batch_67.npz,8000,139.456538,1.192080,139.381069,1.043748,139.571241,0.324033,139.494695,0.390075
processed_data_batch_68.npz,8000,139.577325,0.763102,139.566169,1.806646,139.527975,0.280345,139.438733,0.348288
processed_data_batch_69.npz,8000,139.583585,0.334783,139.503835,0.387173,139.603472,0.291371,139.536826,0.372039
processed_data_batch_70.npz,8000,139.618234,0.253456,139.528398,0.338292,139.643804,0.246397,139.573720,0.343364
processed_data_batch_71.npz,8000,139.617565,0.596417,139.523101,0.700610,139.579479,0.335105,139.480051,0.377043
processed_data_batch_72.npz,8000,139.627623,0.330763,139.534209,0.406152,139.659052,0.331132,139.581510,0.388463
processed_data_batch_73.npz,8000,139.487550,1.260170,139.327439,1.952103,139.597647,0.265748,139.506520,0.320984
processed_data_batch_74.npz,8000,139.628656,0.301070,139.544355,0.378431,139.632890,0.268659,139.546614,0.326246
processed_data_batch_75.npz,8000,139.589223,0.650713,139.521029,0.552569,139.617781,0.332642,139.548896,0.363132
processed_data_batch_76.npz,8000,139.621835,0.269500,139.521561,0.345543,139.606733,0.260139,139.514095,0.356152
processed_data_batch_77.npz,8000,139.532824,1.061054,139.491057,0.986774,139.704153,0.303952,139.609131,0.348944
processed_data_batch_78.npz,8000,139.658075,0.286546,139.560771,0.361880,139.676955,0.258206,139.588634,0.321970
processed_data_batch_79.npz,8000,139.699383,0.919502,139.608901,0.529563,139.652555,0.314390,139.554483,0.349380
processed_data_batch_80.npz,8000,139.720627,0.619019,139.588476,0.521439,139.650932,0.303226,139.526726,0.371752
processed_data_batch_81.npz,8000,139.733167,0.455187,139.599580,0.340791,139.718091,0.306747,139.622907,0.358427
processed_data_batch_82.npz,8000,139.707018,0.475302,139.643875,0.317104,139.714619,0.244274,139.608075,0.318386
processed_data_batch_83.npz,8000,139.800465,1.370935,139.701769,1.585443,139.734094,0.287116,139.633458,0.331398
processed_data_batch_84.npz,8000,139.582128,0.843704,139.464675,0.835858,139.643949,0.287921,139.517066,0.340508
processed_data_batch_85.npz,8000,139.690945,0.806948,139.639149,1.417664,139.634394,0.245523,139.544170,0.306899
processed_data_batch_86.npz,8000,139.580628,0.282234,139.476963,0.350351,139.579851,0.287880,139.474462,0.347426
processed_data_batch_87.npz,8000,139.599555,0.698746,139.549170,0.694931,139.576508,0.258516,139.476508,0.310221
processed_data_batch_88.npz,8000,139.714425,0.646451,139.676923,1.104158,139.652824,0.276452,139.571565,0.318663
processed_data_batch_89.npz,8000,139.764774,0.788551,139.676235,0.956187,139.698522,0.289132,139.587302,0.329337
processed_data_batch_90.npz,8000,139.805218,1.509816,139.820865,1.997989,139.713341,0.282485,139.628750,0.359614
processed_data_batch_91.npz,8000,139.666648,0.424901,139.610165,0.356047,139.715277,0.290069,139.634211,0.360324
processed_data_batch_92.npz,8000,139.713160,0.294446,139.621473,0.348152,139.708639,0.300772,139.621961,0.346506
processed_data_batch_93.npz,8000,139.721560,0.425584,139.616005,0.352065,139.729705,0.319097,139.628752,0.362792
processed_data_batch_94.npz,8000,139.701497,0.637185,139.637928,0.909227,139.751297,0.324562,139.657870,0.391353
processed_data_batch_95.npz,8000,139.724019,0.310457,139.603629,0.532715,139.706179,0.252454,139.597243,0.291453
processed_data_batch_96.npz,8000,139.745934,0.673919,139.604509,0.599361,139.673413,0.307604,139.569638,0.368156
processed_data_batch_97.npz,8000,139.696726,0.292982,139.614533,0.346198,139.648180,0.299959,139.590216,0.349853
processed_data_batch_98.npz,8000,139.784429,0.300703,139.692569,0.363292,139.793578,0.293798,139.724292,0.362590
processed_data_batch_99.npz,8000,139.635340,0.900199,139.523168,1.088899,139.707556,0.276024,139.622363,0.323887
processed_data_batch_100.npz,8000,139.649890,0.614849,139.558339,0.369263,139.660089,0.266001,139.580608,0.337344
processed_data_batch_101.npz,8000,139.722500,0.271367,139.638869,0.318219,139.717147,0.277071,139.636427,0.313903
processed_data_batch_1.npz,10000,139.260591,2.196633,139.174315,2.500044,139.471749,0.347806,139.337897,0.294647
processed_data_batch_2.npz,10000,139.888742,0.257540,139.719402,0.331645,139.917576,0.250197,139.761083,0.308355
processed_data_batch_3.npz,10000,139.559027,0.222749,139.376124,0.299958,139.561823,0.226181,139.389188,0.314557
processed_data_batch_4.npz,10000,139.640548,0.296824,139.425306,0.374601,139.663453,0.299822,139.450124,0.399099
processed_data_batch_5.npz,10000,139.960535,0.162795,139.793627,0.225492,139.960699,0.151471,139.793767,0.219278
processed_data_batch_6.npz,10000,139.793296,0.212623,139.623055,0.280296,139.781381,0.230108,139.613862,0.300088
processed_data_batch_7.npz,10000,139.774968,0.240634,139.605271,0.298753,139.777744,0.225759,139.594230,0.281649
processed_data_batch_8.npz,10000,139.658261,0.291681,139.492796,0.347194,139.662706,0.298824,139.488344,0.346910
processed_data_batch_9.npz,10000,139.986691,0.199955,139.839388,0.259113,139.977283,0.214267,139.843953,0.267176
processed_data_batch_10.npz,10000,139.742012,0.232799,139.591630,0.319846,139.718095,0.234116,139.558943,0.304049
processed_data_batch_11.npz,10000,139.683306,0.820508,139.465903,1.091117,139.756149,0.284708,139.579467,0.357768
processed_data_batch_12.npz,10000,139.315670,1.659464,139.301686,0.843419,139.577533,0.307414,139.422568,0.331235
processed_data_batch_13.npz,10000,139.005251,2.027523,138.759729,2.181285,139.325944,0.432444,139.083976,0.333621
processed_data_batch_14.npz,10000,138.367846,1.868159,138.273009,2.110258,138.296583,0.274753,138.115375,0.323837
processed_data_batch_15.npz,10000,131.820780,0.861579,131.630583,1.605927,131.895998,0.384711,131.749061,0.407013
processed_data_batch_16.npz,10000,112.751900,1.023765,112.575069,0.836429,112.795071,0.707012,112.645307,0.668384
processed_data_batch_17.npz,10000,86.688587,1.043648,86.418982,1.359696,86.539375,0.677055,86.381809,0.702961
processed_data_batch_18.npz,10000,72.047447,0.276333,71.868411,0.374809,72.056847,0.340405,71.908472,0.263662
processed_data_batch_19.npz,10000,75.700471,0.486138,75.562309,0.514707,75.806758,0.447383,75.644109,0.473561
processed_data_batch_20.npz,10000,96.621295,1.041440,96.453485,1.034228,96.577862,1.037643,96.395699,1.027341
processed_data_batch_21.npz,10000,122.750372,0.834649,122.615543,0.842994,122.745382,0.851802,122.614082,0.856766
processed_data_batch_22.npz,10000,136.020058,0.363886,135.866421,0.406947,136.011749,0.373416,135.855852,0.413511
processed_data_batch_23.npz,10000,139.117073,0.273781,138.975172,0.334264,139.086110,0.273455,138.932742,0.321397
processed_data_batch_24.npz,10000,139.415603,0.285303,139.269211,0.346437,139.409963,0.276862,139.261442,0.348340
processed_data_batch_25.npz,10000,139.464997,1.353542,139.368275,1.550679,139.471824,0.330922,139.299460,0.354428
processed_data_batch_26.npz,10000,139.641562,0.412728,139.477228,0.407256,139.613696,0.357459,139.449118,0.369913
processed_data_batch_27.npz,10000,139.509611,0.269136,139.360620,0.322192,139.518395,0.271482,139.358448,0.325436
processed_data_batch_28.npz,10000,139.660815,0.269313,139.523744,0.337565,139.657795,0.263498,139.514983,0.320579
processed_data_batch_29.npz,10000,139.665527,0.253523,139.533768,0.299052,139.651352,0.245193,139.509171,0.278316
processed_data_batch_30.npz,10000,139.708725,1.207127,139.531695,1.014806,139.559186,0.342300,139.430058,0.350320
processed_data_batch_31.npz,10000,139.511768,0.829141,139.335257,1.176231,139.600147,0.314742,139.461062,0.381503
processed_data_batch_32.npz,10000,139.620968,0.284551,139.480794,0.349046,139.638997,0.271816,139.487486,0.345295
processed_data_batch_33.npz,10000,139.617814,0.240127,139.472372,0.297145,139.639250,0.224891,139.491877,0.283277
processed_data_batch_34.npz,10000,139.660598,0.708598,139.533473,1.014025,139.619229,0.387385,139.457088,0.333133
processed_data_batch_35.npz,10000,139.552004,0.308202,139.403420,0.363492,139.554414,0.318530,139.424417,0.373338
processed_data_batch_36.npz,10000,139.502822,0.273237,139.366761,0.338561,139.527943,0.288985,139.395523,0.355261
processed_data_batch_37.npz,10000,139.528009,1.095369,139.360820,1.060344,139.522050,0.528775,139.385876,0.361444
processed_data_batch_38.npz,10000,139.339402,1.044486,139.249411,0.925471,139.449077,0.318905,139.362149,0.383473
processed_data_batch_39.npz,10000,139.407290,0.280983,139.259945,0.329237,139.408147,0.269954,139.259805,0.323440
processed_data_batch_40.npz,10000,139.378426,1.490172,139.134753,1.685812,139.324669,0.323128,139.174155,0.394097
processed_data_batch_41.npz,10000,139.302504,0.460945,139.129513,0.373084,139.237899,0.339430,139.075952,0.351322
processed_data_batch_42.npz,10000,139.166549,0.297014,139.029874,0.340195,139.157163,0.296781,139.013703,0.335891
processed_data_batch_43.npz,10000,139.145841,1.143862,139.062202,1.411336,139.082953,0.459003,138.977783,0.324688
processed_data_batch_44.npz,10000,138.816520,0.362369,138.667100,0.344102,138.784723,0.302774,138.627102,0.346950
processed_data_batch_45.npz,10000,138.585539,0.266581,138.450972,0.323615,138.576670,0.268547,138.420713,0.328782
processed_data_batch_46.npz,10000,137.925547,0.523802,137.747797,0.900701,137.972213,0.272509,137.855741,0.332431
processed_data_batch_47.npz,10000,135.935275,0.362428,135.786580,0.409118,135.849144,0.350421,135.689212,0.394896
processed_data_batch_48.npz,10000,121.790503,1.979407,121.671481,1.959471,122.029547,2.011891,121.912428,1.972023
processed_data_batch_49.npz,10000,68.987342,3.742183,68.859086,3.761779,69.051275,3.257186,68.948747,3.274423
processed_data_batch_54.npz,10000,66.184904,3.807173,66.037631,3.824267,68.249061,1.958103,68.124041,1.938845
processed_data_batch_55.npz,10000,120.725074,2.458245,120.562880,2.416000,120.782074,2.299537,120.583098,2.305499
processed_data_batch_56.npz,10000,135.956960,0.407420,135.832929,0.494237,135.953274,0.350480,135.795955,0.409215
processed_data_batch_57.npz,10000,137.980408,0.278061,137.848812,0.333805,137.972802,0.286773,137.847904,0.349370
processed_data_batch_58.npz,10000,138.552903,0.339361,138.414784,0.364455,138.553017,0.337525,138.403196,0.355575
processed_data_batch_59.npz,10000,138.908516,0.258815,138.773952,0.322419,138.906317,0.285039,138.764240,0.346716
processed_data_batch_60.npz,10000,139.175133,0.923160,138.947733,0.484332,139.076262,0.315541,138.925206,0.395224
processed_data_batch_61.npz,10000,139.294442,0.300031,139.172930,0.352487,139.309430,0.286967,139.207782,0.328653
processed_data_batch_62.npz,10000,139.353866,0.938057,139.198864,0.449893,139.358776,0.272354,139.208560,0.350257
processed_data_batch_63.npz,10000,139.379408,0.554078,139.254643,0.619175,139.440339,0.283262,139.324146,0.362143
processed_data_batch_64.npz,10000,139.530115,1.173416,139.398613,1.272433,139.405356,0.313906,139.294981,0.347954
processed_data_batch_65.npz,10000,139.479645,0.277608,139.344269,0.332406,139.465962,0.271384,139.324824,0.315619
processed_data_batch_66.npz,10000,139.555500,0.569404,139.433324,0.836128,139.560182,0.378195,139.379759,0.327369
processed_data_batch_67.npz,10000,139.503406,1.111993,139.381568,1.034724,139.623645,0.324349,139.507595,0.370693
processed_data_batch_68.npz,10000,139.597593,0.580912,139.545467,1.559191,139.553795,0.267382,139.432411,0.331343
processed_data_batch_69.npz,10000,139.616867,0.313598,139.499845,0.368872,139.636583,0.283023,139.522791,0.345952
processed_data_batch_70.npz,10000,139.654304,0.245461,139.527384,0.319057,139.673578,0.243539,139.559096,0.328948
processed_data_batch_71.npz,10000,139.642934,0.536426,139.518856,0.661903,139.602838,0.311263,139.470049,0.364079
processed_data_batch_72.npz,10000,139.666389,0.309593,139.533941,0.382951,139.677464,0.312828,139.558440,0.370462
processed_data_batch_73.npz,10000,139.550973,1.126279,139.342426,1.830105,139.655121,0.251878,139.513732,0.309495
processed_data_batch_74.npz,10000,139.673878,0.286229,139.544853,0.357907,139.671430,0.253944,139.550980,0.308400
processed_data_batch_75.npz,10000,139.619168,0.648586,139.514653,0.537346,139.639521,0.357003,139.527663,0.345074
processed_data_batch_76.npz,10000,139.654990,0.251096,139.520728,0.322775,139.642753,0.259672,139.515115,0.332586
processed_data_batch_77.npz,10000,139.576592,1.016454,139.485484,0.960667,139.749977,0.255130,139.593089,0.332526
processed_data_batch_78.npz,10000,139.699290,0.267649,139.561942,0.339917,139.721217,0.238561,139.593025,0.299704
processed_data_batch_79.npz,10000,139.744999,0.900541,139.611563,0.570550,139.702087,0.290148,139.566233,0.332728
processed_data_batch_80.npz,10000,139.772059,0.574939,139.598673,0.517916,139.709561,0.295383,139.536798,0.353072
processed_data_batch_81.npz,10000,139.784427,0.496508,139.609464,0.331946,139.752865,0.289748,139.624186,0.337182
processed_data_batch_82.npz,10000,139.734749,0.539834,139.636548,0.305234,139.741205,0.220314,139.611519,0.295579
processed_data_batch_83.npz,10000,139.817711,1.199312,139.694892,1.492823,139.745763,0.267140,139.631052,0.310759
processed_data_batch_84.npz,10000,139.622563,0.772279,139.468464,0.810119,139.673635,0.267630,139.536890,0.317862
processed_data_batch_85.npz,10000,139.726317,0.690961,139.630692,1.271930,139.687518,0.233773,139.541423,0.286103
processed_data_batch_86.npz,10000,139.624945,0.268477,139.480996,0.330168,139.619514,0.277463,139.476201,0.331873
processed_data_batch_87.npz,10000,139.618278,0.726645,139.537711,0.656001,139.613560,0.237358,139.476426,0.284444
processed_data_batch_88.npz,10000,139.748223,0.553498,139.666646,0.993271,139.693437,0.248849,139.563713,0.298865
processed_data_batch_89.npz,10000,139.799778,0.696997,139.674725,0.895969,139.742700,0.271546,139.589769,0.326613
processed_data_batch_90.npz,10000,139.825674,1.327776,139.798579,1.838693,139.741509,0.273275,139.614600,0.356057
processed_data_batch_91.npz,10000,139.696970,0.426812,139.603060,0.343922,139.736357,0.311049,139.644426,0.316885
processed_data_batch_92.npz,10000,139.753677,0.283014,139.622734,0.330063,139.735392,0.301355,139.609101,0.336517
processed_data_batch_93.npz,10000,139.767277,0.427131,139.620422,0.345030,139.770264,0.299311,139.630670,0.336242
processed_data_batch_94.npz,10000,139.733570,0.608581,139.630979,0.828003,139.776848,0.302345,139.657379,0.367355
processed_data_batch_95.npz,10000,139.754962,0.311481,139.605413,0.479413,139.771682,0.240134,139.612147,0.282570
processed_data_batch_96.npz,10000,139.784433,0.629935,139.611969,0.593539,139.709377,0.288646,139.567770,0.353130
processed_data_batch_97.npz,10000,139.729968,0.303967,139.611850,0.322261,139.696057,0.334246,139.592238,0.329474
processed_data_batch_98.npz,10000,139.824446,0.276794,139.693863,0.343063,139.827466,0.265422,139.705692,0.348042
processed_data_batch_99.npz,10000,139.688399,0.807972,139.530107,1.037802,139.768962,0.272783,139.653179,0.307018
processed_data_batch_100.npz,10000,139.698350,0.656945,139.561932,0.376839,139.709896,0.246737,139.588632,0.312267
processed_data_batch_101.npz,10000,139.767758,0.249290,139.639797,0.300100,139.742912,0.251686,139.620816,0.291696
processed_data_batch_1.npz,12000,139.291282,2.137441,139.170894,2.424400,139.496504,0.413420,139.334967,0.272808
processed_data_batch_2.npz,12000,139.922738,0.247920,139.721664,0.319937,139.953621,0.238282,139.762863,0.297511
processed_data_batch_3.npz,12000,139.602688,0.216211,139.381167,0.290016,139.609566,0.211241,139.395397,0.300133
processed_data_batch_4.npz,12000,139.681392,0.292632,139.431799,0.364730,139.705605,0.293643,139.463364,0.379067
processed_data_batch_5.npz,12000,139.990949,0.160888,139.793009,0.216239,139.996508,0.155592,139.791482,0.210163
processed_data_batch_6.npz,12000,139.825500,0.208475,139.623545,0.269969,139.823857,0.226497,139.617961,0.287367
processed_data_batch_7.npz,12000,139.815582,0.227188,139.608131,0.287065,139.819364,0.213103,139.597119,0.269486
processed_data_batch_8.npz,12000,139.699789,0.278900,139.495669,0.336301,139.700786,0.288318,139.487378,0.336670
processed_data_batch_9.npz,12000,140.020117,0.188155,139.838343,0.248395,140.007964,0.196270,139.836593,0.254555
processed_data_batch_10.npz,12000,139.785250,0.225974,139.593656,0.307971,139.763608,0.229207,139.564773,0.297472
processed_data_batch_11.npz,12000,139.724027,0.781913,139.472481,1.057540,139.818150,0.392198,139.576264,0.343217
processed_data_batch_12.npz,12000,139.346996,1.652603,139.291474,0.886454,139.571449,0.446562,139.422478,0.321647
processed_data_batch_13.npz,12000,139.053833,1.954512,138.770623,2.144574,139.368511,0.456664,139.086892,0.328235
processed_data_batch_14.npz,12000,138.401027,1.792635,138.267704,2.039209,138.342787,0.283105,138.119595,0.314038
processed_data_batch_15.npz,12000,131.851276,0.844115,131.633450,1.541871,131.934723,0.389932,131.752238,0.397174
processed_data_batch_16.npz,12000,112.771806,1.011553,112.578352,0.842837,112.817458,0.710509,112.646536,0.663539
processed_data_batch_17.npz,12000,86.701878,1.041857,86.425654,1.343673,86.549947,0.673851,86.384669,0.701517
processed_data_batch_18.npz,12000,72.054220,0.277197,71.870857,0.371202,72.046775,0.330553,71.911124,0.263981
processed_data_batch_19.npz,12000,75.710742,0.485040,75.565055,0.513648,75.800318,0.440897,75.647426,0.472286
processed_data_batch_20.npz,12000,96.635360,1.039924,96.457313,1.033951,96.579602,1.043364,96.399853,1.026031
processed_data_batch_21.npz,12000,122.773828,0.839513,122.618280,0.842446,122.767849,0.855678,122.617487,0.856012
processed_data_batch_22.npz,12000,136.050999,0.358410,135.870992,0.400010,136.047462,0.370843,135.858949,0.400874
processed_data_batch_23.npz,12000,139.150596,0.260277,138.979154,0.324015,139.120956,0.256301,138.935283,0.305077
processed_data_batch_24.npz,12000,139.443528,0.277721,139.272276,0.336268,139.433715,0.269564,139.260788,0.337368
processed_data_batch_25.npz,12000,139.497117,1.301064,139.368482,1.498883,139.524836,0.385084,139.303716,0.342264
processed_data_batch_26.npz,12000,139.668042,0.409328,139.482091,0.402416,139.642988,0.376882,139.449834,0.365870
processed_data_batch_27.npz,12000,139.545682,0.261823,139.366698,0.312678,139.565744,0.260225,139.365519,0.313572
processed_data_batch_28.npz,12000,139.684677,0.263172,139.525254,0.326812,139.680400,0.259983,139.515492,0.313053
processed_data_batch_29.npz,12000,139.695963,0.245882,139.536817,0.289903,139.673678,0.238673,139.510756,0.271175
processed_data_batch_30.npz,12000,139.738079,1.167667,139.538848,1.011004,139.599647,0.330369,139.436980,0.342138
processed_data_batch_31.npz,12000,139.542748,0.783329,139.342050,1.138678,139.617380,0.299734,139.462452,0.370658
processed_data_batch_32.npz,12000,139.646808,0.277414,139.483148,0.338771,139.660509,0.272823,139.492870,0.338377
processed_data_batch_33.npz,12000,139.652938,0.231359,139.478105,0.286857,139.670278,0.218622,139.498314,0.274284
processed_data_batch_34.npz,12000,139.676686,0.675802,139.531921,0.969279,139.641350,0.401053,139.461214,0.327009
processed_data_batch_35.npz,12000,139.578415,0.301054,139.406631,0.353640,139.584372,0.308218,139.429184,0.364098
processed_data_batch_36.npz,12000,139.538412,0.266010,139.372058,0.328471,139.572033,0.275524,139.400478,0.342088
processed_data_batch_37.npz,12000,139.565530,1.064769,139.369331,1.048739,139.556963,0.565276,139.385782,0.346205
processed_data_batch_38.npz,12000,139.364784,1.005298,139.247873,0.921028,139.472981,0.308161,139.365407,0.372602
processed_data_batch_39.npz,12000,139.438354,0.268113,139.264684,0.317814,139.436878,0.253222,139.269232,0.310420
processed_data_batch_40.npz,12000,139.406366,1.426686,139.146025,1.654314,139.353306,0.312524,139.170345,0.386477
processed_data_batch_41.npz,12000,139.335679,0.502878,139.136899,0.369336,139.268940,0.349172,139.079368,0.345837
processed_data_batch_42.npz,12000,139.197606,0.298463,139.033383,0.334601,139.181191,0.292248,139.015645,0.329195
processed_data_batch_43.npz,12000,139.168855,1.075210,139.058896,1.359260,139.109369,0.475717,138.977710,0.317387
processed_data_batch_44.npz,12000,138.838412,0.356216,138.669247,0.338524,138.809583,0.296606,138.631061,0.338854
processed_data_batch_45.npz,12000,138.610039,0.265150,138.452868,0.315638,138.604089,0.264674,138.429275,0.319378
processed_data_batch_46.npz,12000,137.952703,0.508507,137.753904,0.858295,137.986945,0.268628,137.854754,0.315068
processed_data_batch_47.npz,12000,135.964406,0.357620,135.790923,0.401052,135.878969,0.355658,135.693197,0.389654
processed_data_batch_48.npz,12000,121.810843,1.985788,121.673284,1.962000,122.026669,2.019294,121.881219,1.984443
processed_data_batch_49.npz,12000,68.998997,3.740726,68.863062,3.760432,69.061334,3.258742,68.952228,3.273754
processed_data_batch_54.npz,12000,66.193170,3.810323,66.040956,3.824608,68.269642,1.963136,68.131575,1.941039
processed_data_batch_55.npz,12000,120.751449,2.467938,120.569300,2.421043,120.823839,2.293460,120.606076,2.294084
processed_data_batch_56.npz,12000,135.988361,0.404502,135.836153,0.481412,135.980487,0.358501,135.805227,0.398499
processed_data_batch_57.npz,12000,138.007439,0.267226,137.851207,0.322862,138.000416,0.271758,137.848110,0.336301
processed_data_batch_58.npz,12000,138.578203,0.331730,138.416962,0.353394,138.589430,0.341139,138.416540,0.352287
processed_data_batch_59.npz,12000,138.942366,0.247408,138.778435,0.311161,138.944010,0.274277,138.774880,0.334773
processed_data_batch_60.npz,12000,139.202297,0.927201,138.958411,0.507055,139.099052,0.300209,138.932682,0.375658
processed_data_batch_61.npz,12000,139.320097,0.288005,139.174155,0.342534,139.328357,0.278842,139.206807,0.318407
processed_data_batch_62.npz,12000,139.383613,0.955722,139.204170,0.480503,139.399423,0.285821,139.215501,0.338433
processed_data_batch_63.npz,12000,139.405859,0.532877,139.256345,0.607004,139.464455,0.277187,139.327538,0.352208
processed_data_batch_64.npz,12000,139.552795,1.124023,139.400139,1.232931,139.424812,0.313817,139.292016,0.339015
processed_data_batch_65.npz,12000,139.512452,0.273707,139.348469,0.323537,139.494797,0.266175,139.326732,0.305503
processed_data_batch_66.npz,12000,139.575507,0.568004,139.432604,0.793461,139.600068,0.399950,139.377904,0.317509
processed_data_batch_67.npz,12000,139.533777,1.064016,139.384162,1.024391,139.646886,0.307255,139.506703,0.355736
processed_data_batch_68.npz,12000,139.623748,0.508938,139.539789,1.436520,139.584539,0.263068,139.428362,0.325315
processed_data_batch_69.npz,12000,139.637844,0.307974,139.499078,0.360495,139.657743,0.292128,139.520103,0.339900
processed_data_batch_70.npz,12000,139.683495,0.239338,139.529599,0.307234,139.697811,0.238316,139.557578,0.316767
processed_data_batch_71.npz,12000,139.669485,0.498373,139.520185,0.636751,139.629648,0.297714,139.472528,0.349937
processed_data_batch_72.npz,12000,139.692100,0.292761,139.535925,0.369352,139.698537,0.298043,139.559543,0.358943
processed_data_batch_73.npz,12000,139.582723,1.054816,139.350804,1.761700,139.673495,0.235909,139.513919,0.296795
processed_data_batch_74.npz,12000,139.705360,0.277436,139.548146,0.348101,139.703547,0.254394,139.555086,0.301362
processed_data_batch_75.npz,12000,139.642701,0.648500,139.513704,0.531099,139.659049,0.376894,139.526155,0.339173
processed_data_batch_76.npz,12000,139.676854,0.242338,139.521734,0.311334,139.662516,0.240352,139.511430,0.321429
processed_data_batch_77.npz,12000,139.611085,1.002005,139.487073,0.949320,139.789335,0.274655,139.601708,0.324951
processed_data_batch_78.npz,12000,139.721545,0.250178,139.563350,0.325410,139.737692,0.226466,139.591016,0.286723
processed_data_batch_79.npz,12000,139.765950,0.888597,139.612472,0.591284,139.729316,0.284663,139.566558,0.323821
processed_data_batch_80.npz,12000,139.796778,0.542405,139.604176,0.511922,139.749526,0.286443,139.540239,0.346171
processed_data_batch_81.npz,12000,139.812987,0.504326,139.616286,0.332131,139.781176,0.277538,139.627710,0.326961
processed_data_batch_82.npz,12000,139.761587,0.568857,139.636364,0.307214,139.782780,0.226845,139.616806,0.284513
processed_data_batch_83.npz,12000,139.839837,1.122210,139.694619,1.440891,139.765925,0.266069,139.620759,0.307362
processed_data_batch_84.npz,12000,139.652258,0.742045,139.473325,0.796106,139.695978,0.259510,139.538999,0.306368
processed_data_batch_85.npz,12000,139.748461,0.644074,139.628050,1.198490,139.714008,0.228751,139.549947,0.277755
processed_data_batch_86.npz,12000,139.644437,0.268278,139.482497,0.321561,139.646797,0.273230,139.479007,0.323377
processed_data_batch_87.npz,12000,139.643676,0.741074,139.536232,0.639926,139.643220,0.233720,139.479822,0.274440
processed_data_batch_88.npz,12000,139.768385,0.520998,139.662935,0.939207,139.719701,0.241828,139.566572,0.289809
processed_data_batch_89.npz,12000,139.830447,0.657801,139.678379,0.864204,139.773631,0.265808,139.592778,0.315374
processed_data_batch_90.npz,12000,139.842044,1.243210,139.788541,1.753834,139.758231,0.264040,139.606691,0.347714
processed_data_batch_91.npz,12000,139.722261,0.427997,139.602731,0.342349,139.757716,0.332649,139.640850,0.307769
processed_data_batch_92.npz,12000,139.781261,0.274291,139.625806,0.319427,139.763338,0.293513,139.619663,0.321420
processed_data_batch_93.npz,12000,139.792933,0.424532,139.624096,0.341468,139.789418,0.272516,139.633621,0.320999
processed_data_batch_94.npz,12000,139.759312,0.591849,139.630552,0.788050,139.797408,0.292457,139.656937,0.354287
processed_data_batch_95.npz,12000,139.771552,0.320501,139.606094,0.455026,139.789829,0.233519,139.613675,0.270469
processed_data_batch_96.npz,12000,139.824806,0.611216,139.622418,0.589194,139.753500,0.286629,139.579398,0.345050
processed_data_batch_97.npz,12000,139.753432,0.323181,139.612543,0.313735,139.717150,0.366342,139.590631,0.321687
processed_data_batch_98.npz,12000,139.844882,0.266273,139.694511,0.331550,139.852077,0.262438,139.696840,0.337332
processed_data_batch_99.npz,12000,139.720689,0.764088,139.536336,1.008551,139.792499,0.267131,139.641981,0.306461
processed_data_batch_100.npz,12000,139.733449,0.672805,139.567432,0.385618,139.724327,0.267818,139.591359,0.301045
processed_data_batch_101.npz,12000,139.786790,0.245445,139.639447,0.292221,139.765708,0.245697,139.617762,0.290335
processed_data_batch_1.npz,14000,139.319018,2.103079,139.172612,2.380462,139.532515,0.441278,139.339045,0.266166
processed_data_batch_2.npz,14000,139.947376,0.244373,139.725274,0.313877,139.979738,0.230161,139.769334,0.291055
processed_data_batch_3.npz,14000,139.626607,0.210042,139.384461,0.283482,139.632866,0.204979,139.396876,0.292029
processed_data_batch_4.npz,14000,139.704701,0.285799,139.436019,0.357961,139.721710,0.283920,139.461047,0.370367
processed_data_batch_5.npz,14000,140.005483,0.154348,139.792168,0.209753,140.013149,0.149074,139.792357,0.202566
processed_data_batch_6.npz,14000,139.850979,0.203683,139.626394,0.263620,139.848101,0.223053,139.621363,0.281622
processed_data_batch_7.npz,14000,139.841945,0.224003,139.611316,0.282342,139.843170,0.211822,139.600219,0.265729
processed_data_batch_8.npz,14000,139.720428,0.273981,139.497147,0.329824,139.726518,0.279030,139.494633,0.331759
processed_data_batch_9.npz,14000,140.044589,0.186881,139.839728,0.244131,140.037657,0.194550,139.839058,0.250266
processed_data_batch_10.npz,14000,139.805233,0.218901,139.594146,0.299957,139.781287,0.226278,139.564498,0.290767
processed_data_batch_11.npz,14000,139.751076,0.765196,139.478229,1.038352,139.853188,0.409525,139.583829,0.332550
processed_data_batch_12.npz,14000,139.362754,1.646491,139.285231,0.911594,139.581632,0.459211,139.423601,0.318036
processed_data_batch_13.npz,14000,139.087653,1.913673,138.779349,2.122141,139.401415,0.468454,139.092678,0.325200
processed_data_batch_14.npz,14000,138.422640,1.748166,138.265804,1.996794,138.375167,0.298091,138.127323,0.308562
processed_data_batch_15.npz,14000,131.870245,0.834692,131.636401,1.503698,131.950769,0.397282,131.753412,0.390670
processed_data_batch_16.npz,14000,112.784433,1.005952,112.581061,0.846635,112.832085,0.713248,112.648822,0.664488
processed_data_batch_17.npz,14000,86.714781,1.039534,86.431430,1.332882,86.576145,0.680479,86.387149,0.700061
processed_data_batch_18.npz,14000,72.060726,0.277362,71.873267,0.368887,72.058472,0.328396,71.915325,0.263835
processed_data_batch_19.npz,14000,75.718264,0.484821,75.567256,0.512914,75.812899,0.447737,75.651014,0.471848
processed_data_batch_20.npz,14000,96.645050,1.039294,96.460257,1.033876,96.619304,1.029313,96.403337,1.025478
processed_data_batch_21.npz,14000,122.790340,0.844648,122.621270,0.843359,122.808337,0.857431,122.620180,0.856494
processed_data_batch_22.npz,14000,136.068513,0.357086,135.874250,0.396036,136.071880,0.371785,135.861838,0.395250
processed_data_batch_23.npz,14000,139.169825,0.256475,138.982193,0.317955,139.143252,0.252442,138.938337,0.301230
processed_data_batch_24.npz,14000,139.463818,0.265791,139.275733,0.327611,139.449805,0.258250,139.263270,0.327957
processed_data_batch_25.npz,14000,139.517984,1.275234,139.369832,1.469669,139.550485,0.401334,139.309638,0.334078
processed_data_batch_26.npz,14000,139.688529,0.402305,139.486707,0.398285,139.670932,0.373754,139.456071,0.363036
processed_data_batch_27.npz,14000,139.571214,0.257790,139.372616,0.307810,139.585491,0.257936,139.371808,0.308646
processed_data_batch_28.npz,14000,139.703066,0.259975,139.528352,0.320367,139.696139,0.258716,139.517933,0.308983
processed_data_batch_29.npz,14000,139.717714,0.242444,139.540388,0.284567,139.694486,0.238504,139.515827,0.267004
processed_data_batch_30.npz,14000,139.760532,1.141627,139.545175,1.006292,139.626408,0.325169,139.445617,0.338394
processed_data_batch_31.npz,14000,139.560764,0.759631,139.346556,1.115935,139.634096,0.289071,139.459194,0.362770
processed_data_batch_32.npz,14000,139.663400,0.270732,139.485529,0.331772,139.675574,0.267901,139.494855,0.331548
processed_data_batch_33.npz,14000,139.671143,0.228191,139.481453,0.281084,139.688831,0.214184,139.500325,0.266156
processed_data_batch_34.npz,14000,139.694868,0.658007,139.533784,0.943534,139.663588,0.403990,139.464372,0.323467
processed_data_batch_35.npz,14000,139.594271,0.295015,139.409166,0.347277,139.598682,0.303193,139.430953,0.357595
processed_data_batch_36.npz,14000,139.561471,0.261980,139.376645,0.322706,139.597962,0.273463,139.403964,0.335894
processed_data_batch_37.npz,14000,139.589544,1.045086,139.375856,1.040729,139.584115,0.577432,139.397649,0.336723
processed_data_batch_38.npz,14000,139.385575,0.988167,139.249353,0.918825,139.486690,0.314649,139.366001,0.364812
processed_data_batch_39.npz,14000,139.458185,0.264062,139.268855,0.312336,139.452709,0.246322,139.273917,0.303458
processed_data_batch_40.npz,14000,139.425608,1.400142,139.154085,1.636754,139.400311,0.361602,139.186304,0.381609
processed_data_batch_41.npz,14000,139.349128,0.522132,139.140276,0.369896,139.278987,0.347288,139.081219,0.340855
processed_data_batch_42.npz,14000,139.219665,0.290437,139.037550,0.329439,139.203349,0.287899,139.023449,0.324931
processed_data_batch_43.npz,14000,139.190641,1.042265,139.059965,1.329760,139.127819,0.482067,138.967486,0.331138
processed_data_batch_44.npz,14000,138.854058,0.351314,138.672091,0.335221,138.826234,0.291158,138.634776,0.334467
processed_data_batch_45.npz,14000,138.620839,0.262382,138.453243,0.311290,138.616236,0.260722,138.429859,0.313804
processed_data_batch_46.npz,14000,137.970168,0.502048,137.758483,0.833986,138.000279,0.271246,137.855225,0.309546
processed_data_batch_47.npz,14000,135.986321,0.360290,135.795789,0.397913,135.908331,0.355763,135.699280,0.385826
processed_data_batch_48.npz,14000,121.826554,1.989360,121.675811,1.963587,122.041390,2.020494,121.884388,1.985195
processed_data_batch_49.npz,14000,69.004670,3.740283,68.864995,3.759829,69.066091,3.258288,68.954012,3.272782
processed_data_batch_54.npz,14000,66.198716,3.811165,66.043335,3.824418,68.275552,1.966004,68.133569,1.942312
processed_data_batch_55.npz,14000,120.775429,2.471487,120.576275,2.423385,120.847943,2.290635,120.612392,2.293131
processed_data_batch_56.npz,14000,136.004574,0.401798,135.838278,0.473518,135.983563,0.371261,135.807906,0.393313
processed_data_batch_57.npz,14000,138.034545,0.263107,137.856772,0.317335,138.035357,0.264877,137.853473,0.331460
processed_data_batch_58.npz,14000,138.597235,0.329922,138.420491,0.347517,138.598575,0.336026,138.410567,0.339642
processed_data_batch_59.npz,14000,138.963850,0.245952,138.782422,0.305920,138.966521,0.272884,138.779697,0.330462
processed_data_batch_60.npz,14000,139.222433,0.930281,138.966463,0.522847,139.124548,0.303229,138.937698,0.367188
processed_data_batch_61.npz,14000,139.331903,0.280584,139.174366,0.336009,139.340098,0.275518,139.205406,0.313820
processed_data_batch_62.npz,14000,139.403251,0.957039,139.208592,0.498366,139.412498,0.280058,139.219810,0.325375
processed_data_batch_63.npz,14000,139.426176,0.521667,139.259518,0.599829,139.482149,0.275107,139.329078,0.346719
processed_data_batch_64.npz,14000,139.567358,1.095863,139.401770,1.210603,139.470719,0.387903,139.291576,0.330274
processed_data_batch_65.npz,14000,139.534998,0.269269,139.352749,0.317611,139.516400,0.260321,139.328467,0.301021
processed_data_batch_66.npz,14000,139.595245,0.568202,139.434973,0.769874,139.592429,0.473562,139.381812,0.309943
processed_data_batch_67.npz,14000,139.558090,1.045969,139.388351,1.020403,139.670886,0.299494,139.515523,0.351309
processed_data_batch_68.npz,14000,139.641909,0.469511,139.538176,1.366850,139.609106,0.251426,139.432664,0.315224
processed_data_batch_69.npz,14000,139.654854,0.303684,139.500525,0.355201,139.676729,0.291031,139.521723,0.335189
processed_data_batch_70.npz,14000,139.703226,0.233661,139.532857,0.300438,139.717925,0.230674,139.561052,0.307215
processed_data_batch_71.npz,14000,139.686485,0.485580,139.522003,0.623402,139.640172,0.306194,139.474274,0.343758
processed_data_batch_72.npz,14000,139.709830,0.288210,139.538274,0.363104,139.717911,0.291742,139.562175,0.353336
processed_data_batch_73.npz,14000,139.611186,1.016526,139.359551,1.720454,139.702463,0.234885,139.518095,0.291221
processed_data_batch_74.npz,14000,139.726186,0.273290,139.551413,0.341530,139.733120,0.247579,139.558641,0.297114
processed_data_batch_75.npz,14000,139.659931,0.650703,139.514653,0.529971,139.671915,0.385969,139.526131,0.337569
processed_data_batch_76.npz,14000,139.700314,0.239813,139.526038,0.305028,139.683807,0.234448,139.507821,0.310729
processed_data_batch_77.npz,14000,139.633348,0.992883,139.489546,0.942006,139.812878,0.264163,139.607970,0.316742
processed_data_batch_78.npz,14000,139.742820,0.247150,139.566943,0.318876,139.752455,0.221562,139.593097,0.280500
processed_data_batch_79.npz,14000,139.783863,0.876975,139.614902,0.601231,139.750030,0.273839,139.564878,0.315957
processed_data_batch_80.npz,14000,139.811182,0.529763,139.607899,0.509518,139.763631,0.286457,139.545367,0.341680
processed_data_batch_81.npz,14000,139.832398,0.513377,139.621636,0.335404,139.804054,0.271080,139.631362,0.320207
processed_data_batch_82.npz,14000,139.778186,0.580613,139.637050,0.311496,139.800127,0.230356,139.617731,0.279363
processed_data_batch_83.npz,14000,139.861342,1.087641,139.697871,1.411959,139.792668,0.271386,139.632126,0.301121
processed_data_batch_84.npz,14000,139.671067,0.730165,139.477441,0.788731,139.718983,0.261596,139.543613,0.303041
processed_data_batch_85.npz,14000,139.760598,0.620455,139.626783,1.156318,139.731975,0.222818,139.542508,0.286065
processed_data_batch_86.npz,14000,139.661414,0.262440,139.485410,0.315130,139.665128,0.265697,139.487776,0.318936
processed_data_batch_87.npz,14000,139.660207,0.744767,139.536720,0.629957,139.664642,0.230237,139.485631,0.267301
processed_data_batch_88.npz,14000,139.786019,0.499930,139.662719,0.906475,139.736209,0.229288,139.569834,0.282444
processed_data_batch_89.npz,14000,139.846482,0.639763,139.680323,0.846022,139.787349,0.266826,139.596259,0.311378
processed_data_batch_90.npz,14000,139.859879,1.201988,139.785830,1.705643,139.784129,0.262078,139.609457,0.339425
processed_data_batch_91.npz,14000,139.735649,0.427559,139.602651,0.341356,139.771805,0.343336,139.640623,0.305139
processed_data_batch_92.npz,14000,139.799859,0.275088,139.628978,0.313982,139.781027,0.295645,139.614846,0.322004
processed_data_batch_93.npz,14000,139.813224,0.429978,139.628527,0.342302,139.812787,0.276267,139.639558,0.316054
processed_data_batch_94.npz,14000,139.775913,0.584194,139.631220,0.766496,139.808890,0.289049,139.656760,0.347041
processed_data_batch_95.npz,14000,139.788721,0.327456,139.609333,0.441449,139.807906,0.231124,139.617808,0.265863
processed_data_batch_96.npz,14000,139.848817,0.602650,139.629579,0.586351,139.774254,0.283860,139.585677,0.342399
processed_data_batch_97.npz,14000,139.771454,0.334479,139.614818,0.309695,139.733340,0.381884,139.591876,0.318020
processed_data_batch_98.npz,14000,139.860312,0.260057,139.696444,0.324923,139.867304,0.254842,139.697038,0.328194
processed_data_batch_99.npz,14000,139.745995,0.734685,139.542534,0.989054,139.810235,0.266055,139.645709,0.299468
processed_data_batch_100.npz,14000,139.756622,0.677328,139.572238,0.393420,139.755964,0.237457,139.594068,0.294639
processed_data_batch_101.npz,14000,139.804201,0.241210,139.641716,0.286982,139.782203,0.242749,139.619271,0.286107
processed_data_batch_1.npz,16000,139.337314,2.083764,139.174536,2.352130,139.550051,0.463983,139.341483,0.264585
processed_data_batch_2.npz,16000,139.958327,0.241327,139.726607,0.310270,139.994410,0.224989,139.770886,0.287610
processed_data_batch_3.npz,16000,139.644505,0.211467,139.387664,0.280059,139.648035,0.207479,139.398352,0.288790
processed_data_batch_4.npz,16000,139.723037,0.280069,139.440149,0.353074,139.740293,0.277577,139.465179,0.365414
processed_data_batch_5.npz,16000,140.019860,0.157714,139.793315,0.207700,140.026433,0.152841,139.795564,0.200747
processed_data_batch_6.npz,16000,139.867922,0.201403,139.628776,0.259608,139.870072,0.217813,139.624896,0.278241
processed_data_batch_7.npz,16000,139.858320,0.219725,139.613926,0.278789,139.855879,0.209123,139.602013,0.262251
processed_data_batch_8.npz,16000,139.733971,0.273302,139.498712,0.326873,139.734341,0.279466,139.495987,0.329276
processed_data_batch_9.npz,16000,140.057353,0.188886,139.840420,0.241619,140.049630,0.197420,139.839851,0.248035
processed_data_batch_10.npz,16000,139.822527,0.218005,139.596272,0.295568,139.798027,0.226236,139.567131,0.286800
processed_data_batch_11.npz,16000,139.771496,0.754679,139.483042,1.025846,139.870385,0.419908,139.582963,0.328747
processed_data_batch_12.npz,16000,139.380435,1.643367,139.283886,0.928287,139.534612,0.720855,139.417419,0.320248
processed_data_batch_13.npz,16000,139.108309,1.895018,138.785774,2.109016,139.421984,0.475908,139.098713,0.325850
processed_data_batch_14.npz,16000,138.439336,1.729338,138.265974,1.973060,138.397327,0.308311,138.124735,0.311084
processed_data_batch_15.npz,16000,131.886066,0.829267,131.639661,1.479056,131.965958,0.399936,131.755601,0.387361
processed_data_batch_16.npz,16000,112.796757,1.002521,112.584193,0.848991,112.839955,0.718100,112.651819,0.670043
processed_data_batch_17.npz,16000,86.723073,1.038918,86.435473,1.325594,86.599190,0.683537,86.390828,0.699944
processed_data_batch_18.npz,16000,72.067074,0.277374,71.875800,0.366775,72.067644,0.324034,71.918323,0.263039
processed_data_batch_19.npz,16000,75.723616,0.482783,75.568884,0.511754,75.816751,0.446806,75.652073,0.470967
processed_data_batch_20.npz,16000,96.653026,1.040936,96.462888,1.034456,96.627454,1.030214,96.406072,1.025766
processed_data_batch_21.npz,16000,122.799731,0.846238,122.622973,0.843342,122.814554,0.856091,122.621177,0.855694
processed_data_batch_22.npz,16000,136.084710,0.359555,135.878344,0.394882,136.087404,0.377033,135.866116,0.395603
processed_data_batch_23.npz,16000,139.184934,0.253982,138.985588,0.314721,139.159234,0.250184,138.942468,0.298302
processed_data_batch_24.npz,16000,139.476033,0.261102,139.278346,0.323363,139.464549,0.258436,139.266543,0.325037
processed_data_batch_25.npz,16000,139.532958,1.261133,139.371795,1.452497,139.564783,0.412197,139.313313,0.330659
processed_data_batch_26.npz,16000,139.707201,0.402434,139.491734,0.396748,139.688601,0.376894,139.461097,0.361989
processed_data_batch_27.npz,16000,139.586657,0.255777,139.376603,0.304434,139.602572,0.253792,139.376873,0.304875
processed_data_batch_28.npz,16000,139.720849,0.256984,139.532250,0.316576,139.710489,0.258273,139.521385,0.304145
processed_data_batch_29.npz,16000,139.731747,0.241444,139.543190,0.281846,139.712318,0.234951,139.520357,0.263881
processed_data_batch_30.npz,16000,139.779141,1.127966,139.551000,1.004030,139.649396,0.323245,139.450740,0.336109
processed_data_batch_31.npz,16000,139.572980,0.746572,139.350030,1.101584,139.638899,0.287368,139.459224,0.359221
processed_data_batch_32.npz,16000,139.676119,0.269166,139.487949,0.328161,139.686376,0.266754,139.497298,0.327189
processed_data_batch_33.npz,16000,139.686569,0.226166,139.485226,0.277123,139.698041,0.212310,139.502782,0.260221
processed_data_batch_34.npz,16000,139.710301,0.648803,139.536475,0.927894,139.680008,0.405876,139.468838,0.322149
processed_data_batch_35.npz,16000,139.610473,0.290703,139.413188,0.342732,139.618522,0.299996,139.434369,0.353321
processed_data_batch_36.npz,16000,139.578778,0.259107,139.380884,0.319076,139.612901,0.269304,139.407705,0.331914
processed_data_batch_37.npz,16000,139.607430,1.032320,139.381479,1.035128,139.600749,0.584976,139.410066,0.342602
processed_data_batch_38.npz,16000,139.401137,0.976609,139.251437,0.916828,139.512582,0.307184,139.368642,0.360635
processed_data_batch_39.npz,16000,139.472954,0.262220,139.272323,0.308769,139.462619,0.247898,139.276852,0.299863
processed_data_batch_40.npz,16000,139.443376,1.374067,139.161213,1.622229,139.417351,0.364903,139.191205,0.379320
processed_data_batch_41.npz,16000,139.362184,0.532336,139.144186,0.371083,139.290076,0.345245,139.084168,0.339055
processed_data_batch_42.npz,16000,139.236703,0.284231,139.041463,0.325522,139.217347,0.277578,139.026978,0.320210
processed_data_batch_43.npz,16000,139.204756,1.022692,139.061385,1.310539,139.149756,0.486720,138.971153,0.331424
processed_data_batch_44.npz,16000,138.868831,0.348659,138.675639,0.332899,138.842390,0.289476,138.638996,0.331194
processed_data_batch_45.npz,16000,138.636325,0.262265,138.456433,0.308701,138.632426,0.261335,138.434225,0.311665
processed_data_batch_46.npz,16000,137.982604,0.498011,137.762317,0.819148,138.016966,0.270094,137.857468,0.304996
processed_data_batch_47.npz,16000,136.000985,0.360928,135.799566,0.395648,135.925559,0.358357,135.704201,0.384135
processed_data_batch_48.npz,16000,121.838253,1.992392,121.678356,1.965106,122.054257,2.026085,121.887462,1.987870
processed_data_batch_49.npz,16000,69.010760,3.740107,68.867280,3.759394,69.072407,3.260864,68.956710,3.272897
processed_data_batch_54.npz,16000,66.203298,3.813186,66.045299,3.825049,68.283362,1.968574,68.136666,1.943629
processed_data_batch_55.npz,16000,120.789850,2.469872,120.581061,2.423817,120.859493,2.287483,120.615851,2.292150
processed_data_batch_56.npz,16000,136.014383,0.401421,135.840065,0.468696,135.990908,0.371819,135.809661,0.389389
processed_data_batch_57.npz,16000,138.049323,0.259786,137.860112,0.313714,138.041480,0.261361,137.855564,0.327033
processed_data_batch_58.npz,16000,138.614659,0.326561,138.424896,0.343553,138.616287,0.335373,138.423454,0.343553
processed_data_batch_59.npz,16000,138.979736,0.238594,138.786075,0.301129,138.982009,0.264299,138.783566,0.325154
processed_data_batch_60.npz,16000,139.239903,0.929769,138.973343,0.533202,139.147372,0.304652,138.943727,0.362670
processed_data_batch_61.npz,16000,139.341579,0.276363,139.175399,0.331750,139.349150,0.274247,139.205550,0.311233
processed_data_batch_62.npz,16000,139.422089,0.959149,139.213920,0.511479,139.430055,0.281710,139.224257,0.322620
processed_data_batch_63.npz,16000,139.442975,0.511868,139.263270,0.594222,139.497026,0.265235,139.331851,0.339537
processed_data_batch_64.npz,16000,139.581930,1.080737,139.404695,1.197454,139.485739,0.388206,139.294055,0.325948
processed_data_batch_65.npz,16000,139.551532,0.268997,139.356582,0.314152,139.533911,0.262124,139.332541,0.296336
processed_data_batch_66.npz,16000,139.609175,0.568012,139.437483,0.755210,139.617017,0.487314,139.386301,0.305476
processed_data_batch_67.npz,16000,139.574011,1.033766,139.391640,1.017358,139.684965,0.299710,139.518371,0.348423
processed_data_batch_68.npz,16000,139.657892,0.446091,139.538851,1.323084,139.625323,0.245157,139.436564,0.310207
processed_data_batch_69.npz,16000,139.665198,0.301624,139.501680,0.351741,139.684721,0.290833,139.521601,0.331663
processed_data_batch_70.npz,16000,139.720758,0.229015,139.536809,0.295462,139.733125,0.231236,139.563750,0.303157
processed_data_batch_71.npz,16000,139.699821,0.479914,139.524275,0.615793,139.654173,0.304353,139.476781,0.339022
processed_data_batch_72.npz,16000,139.724928,0.283359,139.541147,0.358474,139.735273,0.283721,139.565427,0.348549
processed_data_batch_73.npz,16000,139.627925,0.997925,139.365553,1.694687,139.714286,0.230390,139.522736,0.285987
processed_data_batch_74.npz,16000,139.740569,0.274142,139.554357,0.338426,139.744050,0.250063,139.560827,0.295175
processed_data_batch_75.npz,16000,139.673903,0.653626,139.516778,0.530294,139.683654,0.399487,139.527684,0.338515
processed_data_batch_76.npz,16000,139.716251,0.238602,139.529591,0.301122,139.701492,0.233485,139.511691,0.306565
processed_data_batch_77.npz,16000,139.646281,0.981651,139.491203,0.935916,139.792437,0.383780,139.611123,0.313926
processed_data_batch_78.npz,16000,139.758785,0.241733,139.570606,0.313884,139.765533,0.215424,139.595485,0.275357
processed_data_batch_79.npz,16000,139.797477,0.865526,139.617910,0.606275,139.765700,0.262796,139.568773,0.310212
processed_data_batch_80.npz,16000,139.824246,0.523027,139.611437,0.507914,139.781755,0.283933,139.549827,0.337848
processed_data_batch_81.npz,16000,139.842771,0.518810,139.624800,0.338792,139.813791,0.272246,139.631058,0.320431
processed_data_batch_82.npz,16000,139.793030,0.588779,139.639178,0.313770,139.812682,0.229331,139.620395,0.275170
processed_data_batch_83.npz,16000,139.875455,1.061367,139.700276,1.391167,139.813528,0.266263,139.636971,0.297848
processed_data_batch_84.npz,16000,139.693271,0.720564,139.483522,0.783206,139.738260,0.266294,139.541744,0.297864
processed_data_batch_85.npz,16000,139.771510,0.606482,139.627168,1.129625,139.743952,0.216268,139.546318,0.279410
processed_data_batch_86.npz,16000,139.673419,0.261974,139.487828,0.312215,139.675219,0.267010,139.489681,0.316638
processed_data_batch_87.npz,16000,139.673569,0.747289,139.538212,0.624841,139.677224,0.228260,139.489390,0.261228
processed_data_batch_88.npz,16000,139.797522,0.491106,139.663230,0.886680,139.749748,0.233062,139.572826,0.280135
processed_data_batch_89.npz,16000,139.860601,0.627127,139.682976,0.834160,139.802199,0.262124,139.597982,0.306911
processed_data_batch_90.npz,16000,139.871348,1.176668,139.784440,1.674653,139.801261,0.255586,139.613121,0.333822
processed_data_batch_91.npz,16000,139.752771,0.430368,139.605621,0.341537,139.785697,0.347333,139.642249,0.303079
processed_data_batch_92.npz,16000,139.814989,0.275544,139.632438,0.310497,139.799088,0.298428,139.615251,0.318934
processed_data_batch_93.npz,16000,139.827186,0.431933,139.632128,0.342295,139.826389,0.272445,139.643674,0.312383
processed_data_batch_94.npz,16000,139.792178,0.582982,139.634026,0.753248,139.824214,0.288475,139.659771,0.342433
processed_data_batch_95.npz,16000,139.803635,0.329455,139.612794,0.432238,139.821910,0.221604,139.621157,0.260913
processed_data_batch_96.npz,16000,139.867857,0.597746,139.635716,0.584775,139.792406,0.274949,139.587911,0.336447
processed_data_batch_97.npz,16000,139.787329,0.333099,139.618168,0.305856,139.750133,0.379486,139.594842,0.314032
processed_data_batch_98.npz,16000,139.874381,0.258542,139.699247,0.321423,139.880959,0.254264,139.699657,0.324840
processed_data_batch_99.npz,16000,139.765492,0.721717,139.548267,0.977647,139.827230,0.260031,139.648722,0.293286
processed_data_batch_100.npz,16000,139.774576,0.680791,139.577038,0.398693,139.771353,0.231211,139.597407,0.289413
processed_data_batch_101.npz,16000,139.818058,0.239430,139.644351,0.283725,139.797753,0.237040,139.622456,0.282552
processed_data_batch_1.npz,18000,139.348533,2.068328,139.175758,2.332614,139.562133,0.473104,139.343949,0.263857
processed_data_batch_2.npz,18000,139.968181,0.241834,139.728488,0.308161,140.005052,0.223767,139.772646,0.285378
processed_data_batch_3.npz,18000,139.658334,0.209793,139.390579,0.277621,139.660690,0.206001,139.400874,0.286003
processed_data_batch_4.npz,18000,139.741494,0.276061,139.445109,0.349363,139.757040,0.272716,139.468125,0.359693
processed_data_batch_5.npz,18000,140.037498,0.156078,139.796657,0.205449,140.041035,0.151629,139.799031,0.199405
processed_data_batch_6.npz,18000,139.877300,0.198667,139.630109,0.256724,139.879784,0.215902,139.623649,0.275723
processed_data_batch_7.npz,18000,139.870567,0.220135,139.616331,0.276905,139.868344,0.209561,139.604525,0.260704
processed_data_batch_8.npz,18000,139.749070,0.275535,139.501600,0.325332,139.751527,0.284718,139.493647,0.327264
processed_data_batch_9.npz,18000,140.067304,0.188943,139.841364,0.240054,140.060849,0.197232,139.840753,0.246233
processed_data_batch_10.npz,18000,139.836451,0.218102,139.598642,0.292617,139.813430,0.226220,139.570060,0.284005
processed_data_batch_11.npz,18000,139.784197,0.749659,139.486548,1.017520,139.884702,0.416343,139.585935,0.325406
processed_data_batch_12.npz,18000,139.395418,1.640766,139.284182,0.939585,139.549699,0.727380,139.419572,0.319276
processed_data_batch_13.npz,18000,139.123934,1.880951,138.790754,2.099277,139.430420,0.479177,139.102951,0.325549
processed_data_batch_14.npz,18000,138.452455,1.717278,138.266959,1.956883,138.412771,0.313878,138.128899,0.307964
processed_data_batch_15.npz,18000,131.897996,0.826832,131.642494,1.461797,131.975960,0.401344,131.757244,0.384756
processed_data_batch_16.npz,18000,112.807592,1.000681,112.587106,0.850877,112.850105,0.718330,112.653959,0.670323
processed_data_batch_17.npz,18000,86.730031,1.037724,86.438874,1.320418,86.604145,0.682009,86.392993,0.699147
processed_data_batch_18.npz,18000,72.070983,0.277991,71.877477,0.365712,72.076708,0.323450,71.921815,0.261584
processed_data_batch_19.npz,18000,75.727257,0.483560,75.570014,0.511570,75.823065,0.445060,75.654193,0.470185
processed_data_batch_20.npz,18000,96.658674,1.038810,96.464879,1.033770,96.623441,1.021411,96.407382,1.025313
processed_data_batch_21.npz,18000,122.808328,0.847972,122.624936,0.843586,122.825482,0.858605,122.624101,0.856100
processed_data_batch_22.npz,18000,136.095966,0.360017,135.881388,0.393353,136.099007,0.376692,135.870042,0.392269
processed_data_batch_23.npz,18000,139.193502,0.247729,138.987559,0.311129,139.168602,0.243400,138.944897,0.294895
processed_data_batch_24.npz,18000,139.488839,0.258820,139.281655,0.320693,139.476762,0.255581,139.270090,0.322798
processed_data_batch_25.npz,18000,139.542446,1.253153,139.373071,1.441332,139.577558,0.419981,139.317084,0.329134
processed_data_batch_26.npz,18000,139.717654,0.400310,139.494675,0.394835,139.701672,0.379817,139.465140,0.361473
processed_data_batch_27.npz,18000,139.601954,0.254703,139.381027,0.302240,139.616523,0.255890,139.381112,0.303613
processed_data_batch_28.npz,18000,139.736228,0.258712,139.536310,0.314752,139.727182,0.258857,139.525984,0.302188
processed_data_batch_29.npz,18000,139.745222,0.238622,139.546629,0.279118,139.725217,0.233731,139.523638,0.261876
processed_data_batch_30.npz,18000,139.790719,1.120487,139.554829,1.003017,139.642897,0.365656,139.456008,0.335762
processed_data_batch_31.npz,18000,139.586488,0.738485,139.354285,1.091599,139.651783,0.286784,139.462843,0.356793
processed_data_batch_32.npz,18000,139.685703,0.267068,139.490277,0.325326,139.693706,0.268337,139.499021,0.325493
processed_data_batch_33.npz,18000,139.697836,0.224501,139.488236,0.274612,139.708571,0.213549,139.502155,0.259058
processed_data_batch_34.npz,18000,139.717835,0.641219,139.537712,0.916564,139.689410,0.404744,139.471529,0.320775
processed_data_batch_35.npz,18000,139.621919,0.285384,139.416228,0.339068,139.629218,0.292025,139.436835,0.348862
processed_data_batch_36.npz,18000,139.589304,0.254814,139.383663,0.315734,139.620704,0.265293,139.409268,0.328382
processed_data_batch_37.npz,18000,139.620230,1.021294,139.385725,1.030364,139.616715,0.587242,139.414567,0.343483
processed_data_batch_38.npz,18000,139.413109,0.968973,139.253548,0.915332,139.526796,0.304419,139.371420,0.356995
processed_data_batch_39.npz,18000,139.484680,0.259288,139.275390,0.306388,139.468974,0.246598,139.274491,0.297873
processed_data_batch_40.npz,18000,139.456110,1.355677,139.166661,1.611386,139.425951,0.364220,139.194146,0.376834
processed_data_batch_41.npz,18000,139.373360,0.541127,139.147837,0.371899,139.300326,0.346069,139.087347,0.337224
processed_data_batch_42.npz,18000,139.246033,0.280435,139.043609,0.323146,139.224723,0.273885,139.028261,0.317801
processed_data_batch_43.npz,18000,139.217688,1.014518,139.063732,1.299071,139.162399,0.490194,138.974214,0.331595
processed_data_batch_44.npz,18000,138.881910,0.346671,138.679083,0.330942,138.855010,0.287737,138.642690,0.328923
processed_data_batch_45.npz,18000,138.648572,0.261008,138.459540,0.306502,138.642744,0.258267,138.437029,0.308912
processed_data_batch_46.npz,18000,137.992313,0.497456,137.765616,0.809142,138.027451,0.268490,137.859703,0.301791
processed_data_batch_47.npz,18000,136.010485,0.360131,135.802349,0.393434,135.940861,0.356820,135.705095,0.379782
processed_data_batch_48.npz,18000,121.845287,1.993650,121.679866,1.965672,122.085637,2.031631,121.889270,1.988935
processed_data_batch_49.npz,18000,69.016069,3.739317,68.869276,3.758822,69.079278,3.260276,68.958968,3.272523
processed_data_batch_54.npz,18000,66.207625,3.812371,66.047154,3.824466,68.288536,1.967549,68.138942,1.943507
processed_data_batch_55.npz,18000,120.798587,2.471763,120.584161,2.425156,120.867767,2.290305,120.618917,2.293440
processed_data_batch_56.npz,18000,136.024880,0.402681,135.842579,0.466115,136.012081,0.361012,135.818377,0.386265
processed_data_batch_57.npz,18000,138.060185,0.259078,137.862784,0.311775,138.057826,0.261479,137.859373,0.324934
processed_data_batch_58.npz,18000,138.629735,0.326143,138.429035,0.341349,138.628824,0.336166,138.419032,0.334400
processed_data_batch_59.npz,18000,138.992724,0.237628,138.789528,0.298476,139.000465,0.261697,138.789947,0.321229
processed_data_batch_60.npz,18000,139.254086,0.928759,138.979018,0.540468,139.159982,0.302562,138.947237,0.359426
processed_data_batch_61.npz,18000,139.350220,0.274292,139.176922,0.329175,139.357235,0.272838,139.206330,0.309334
processed_data_batch_62.npz,18000,139.434791,0.960462,139.217929,0.520516,139.445095,0.282495,139.228099,0.321296
processed_data_batch_63.npz,18000,139.453159,0.505003,139.265665,0.590082,139.505094,0.259653,139.329797,0.335432
processed_data_batch_64.npz,18000,139.592601,1.070374,139.407162,1.187756,139.496188,0.391907,139.296011,0.322560
processed_data_batch_65.npz,18000,139.563939,0.267125,139.360033,0.311570,139.545374,0.260912,139.340085,0.293992
processed_data_batch_66.npz,18000,139.619493,0.567879,139.439652,0.745736,139.626937,0.494510,139.397513,0.312436
processed_data_batch_67.npz,18000,139.584316,1.023750,139.393929,1.014488,139.694709,0.296782,139.520335,0.345382
processed_data_batch_68.npz,18000,139.668486,0.433138,139.539472,1.294232,139.637693,0.243197,139.439790,0.307197
processed_data_batch_69.npz,18000,139.675397,0.300196,139.503748,0.349516,139.693530,0.288703,139.523414,0.328947
processed_data_batch_70.npz,18000,139.730981,0.228569,139.539170,0.292827,139.744364,0.231565,139.566182,0.300152
processed_data_batch_71.npz,18000,139.709752,0.476620,139.526575,0.610389,139.663991,0.304605,139.479102,0.336040
processed_data_batch_72.npz,18000,139.735868,0.281685,139.543846,0.355610,139.744024,0.280473,139.566944,0.345484
processed_data_batch_73.npz,18000,139.641631,0.985512,139.370457,1.676420,139.726504,0.233524,139.525790,0.284842
processed_data_batch_74.npz,18000,139.752330,0.271296,139.556999,0.335020,139.749123,0.246245,139.562836,0.292125
processed_data_batch_75.npz,18000,139.684608,0.652068,139.518847,0.529823,139.696427,0.405221,139.530434,0.339235
processed_data_batch_76.npz,18000,139.729215,0.239172,139.533124,0.298889,139.718711,0.229232,139.515318,0.303564
processed_data_batch_77.npz,18000,139.658888,0.977888,139.493702,0.932946,139.806213,0.390218,139.615514,0.312124
processed_data_batch_78.npz,18000,139.767480,0.240742,139.572703,0.310940,139.774899,0.211348,139.597597,0.271797
processed_data_batch_79.npz,18000,139.807663,0.861297,139.620271,0.610913,139.776978,0.259421,139.571768,0.307153
processed_data_batch_80.npz,18000,139.834202,0.515373,139.614605,0.505734,139.791762,0.283883,139.553448,0.335467
processed_data_batch_81.npz,18000,139.856534,0.515325,139.629406,0.338832,139.828962,0.265459,139.636534,0.314706
processed_data_batch_82.npz,18000,139.802521,0.593304,139.640575,0.316566,139.735265,0.788199,139.624640,0.273753
processed_data_batch_83.npz,18000,139.884542,1.048759,139.702090,1.378524,139.821359,0.268133,139.638938,0.296295
processed_data_batch_84.npz,18000,139.709233,0.716078,139.488378,0.779950,139.757197,0.267453,139.546767,0.295595
processed_data_batch_85.npz,18000,139.780423,0.601170,139.627958,1.112842,139.753938,0.215998,139.549166,0.276742
processed_data_batch_86.npz,18000,139.687241,0.260223,139.491562,0.309326,139.689267,0.264488,139.493437,0.313654
processed_data_batch_87.npz,18000,139.687703,0.752012,139.541353,0.622206,139.693216,0.226654,139.494297,0.258984
processed_data_batch_88.npz,18000,139.806776,0.484077,139.664292,0.873102,139.762489,0.229421,139.576014,0.277351
processed_data_batch_89.npz,18000,139.873513,0.615888,139.686201,0.824602,139.814959,0.261890,139.601713,0.305175
processed_data_batch_90.npz,18000,139.883165,1.163214,139.784865,1.654481,139.816350,0.257840,139.615470,0.333654
processed_data_batch_91.npz,18000,139.763196,0.431762,139.607492,0.341082,139.794814,0.351931,139.643874,0.301315
processed_data_batch_92.npz,18000,139.825677,0.273187,139.635192,0.307533,139.810384,0.300743,139.618269,0.317428
processed_data_batch_93.npz,18000,139.840203,0.432978,139.635877,0.342577,139.841033,0.263916,139.648265,0.308774
processed_data_batch_94.npz,18000,139.803635,0.583705,139.636301,0.745163,139.836521,0.292106,139.662526,0.341313
processed_data_batch_95.npz,18000,139.816955,0.329895,139.616461,0.426370,139.834265,0.221657,139.624530,0.259130
processed_data_batch_96.npz,18000,139.879912,0.594859,139.639914,0.583563,139.803137,0.273701,139.591137,0.333937
processed_data_batch_97.npz,18000,139.795940,0.335072,139.619995,0.304137,139.760923,0.384828,139.597163,0.313226
processed_data_batch_98.npz,18000,139.887520,0.255342,139.702859,0.318238,139.896703,0.252454,139.703953,0.321897
processed_data_batch_99.npz,18000,139.777888,0.711083,139.552105,0.969040,139.839275,0.256574,139.651425,0.290632
processed_data_batch_100.npz,18000,139.786235,0.686496,139.580378,0.403502,139.783304,0.230866,139.600871,0.284734
processed_data_batch_101.npz,18000,139.828986,0.237893,139.646985,0.281124,139.810735,0.237939,139.625906,0.280663
